{
  "23000": {
    "municipio": "La Paz",
    "colonias": [
      "Zona Central"
    ]
  },
  "23007": {
    "municipio": "La Paz",
    "colonias": [
      "Palacio de Gobierno del Estado de Baja California Sur"
    ]
  },
  "23009": {
    "municipio": "La Paz",
    "colonias": [
      "Oficina Federal de Hacienda"
    ]
  },
  "23010": {
    "municipio": "La Paz",
    "colonias": [
      "Agustín Olachea",
      "Ciudad del Cielo",
      "Colina del Sol",
      "Lomas de Palmira"
    ]
  },
  "23017": {
    "municipio": "La Paz",
    "colonias": [
      "Paseos del Cortes"
    ]
  },
  "23018": {
    "municipio": "La Paz",
    "colonias": [
      "Alfonso Sanchez Madariaga INFONAVIT",
      "Pedregal del Cortes",
      "Reforma"
    ]
  },
  "23019": {
    "municipio": "La Paz",
    "colonias": [
      "Pedregal de la Paz",
      "Policentro Palmira",
      "Punta Prieta"
    ]
  },
  "23020": {
    "municipio": "La Paz",
    "colonias": [
      "Colina de La Cruz",
      "Esterito",
      "Guerrero",
      "Ladrillera",
      "Manuel Rivera Anaya"
    ]
  },
  "23026": {
    "municipio": "La Paz",
    "colonias": [
      "Ampliación Antonio Navarro Rubio",
      "Antonio Navarro Rubio"
    ]
  },
  "23029": {
    "municipio": "La Paz",
    "colonias": [
      "Zona Militar"
    ]
  },
  "23030": {
    "municipio": "La Paz",
    "colonias": [
      "Francisco Villa",
      "Guadalupe Victoria",
      "Independencia",
      "Lienzo Charro",
      "Loma Linda",
      "Magisterial",
      "San Pablo Guelatao"
    ]
  },
  "23034": {
    "municipio": "La Paz",
    "colonias": [
      "Lázaro Cárdenas"
    ]
  },
  "23037": {
    "municipio": "La Paz",
    "colonias": [
      "Jacinto Lopez"
    ]
  },
  "23038": {
    "municipio": "La Paz",
    "colonias": [
      "Ampliación Lázaro Cárdenas",
      "Ampliación Marquez de Leon",
      "Laguna Azul",
      "Loma Obrera",
      "Marquez de Leon",
      "Valle de las Vinoramas",
      "Villas de Guadalupe",
      "Vista Hermosa"
    ]
  },
  "23039": {
    "municipio": "La Paz",
    "colonias": [
      "La Escondida"
    ]
  },
  "23040": {
    "municipio": "La Paz",
    "colonias": [
      "Adolfo Ruiz Cortines",
      "ISSSTE",
      "La Rinconada",
      "Los Olivos",
      "Perla",
      "Petrolera"
    ]
  },
  "23050": {
    "municipio": "La Paz",
    "colonias": [
      "Bella Vista",
      "Bella Vista Plus",
      "Benito Juárez Oriente",
      "Cruz de Piedra",
      "El Campanario",
      "El Carrizal",
      "Misiones de Loreto",
      "Roma",
      "Rosaura Zapata",
      "Tecnológico",
      "Zona Industrial"
    ]
  },
  "23052": {
    "municipio": "La Paz",
    "colonias": [
      "20 de Noviembre"
    ]
  },
  "23054": {
    "municipio": "La Paz",
    "colonias": [
      "Calafia",
      "Cihuatán (Costa Azul)",
      "José María Morelos"
    ]
  },
  "23055": {
    "municipio": "La Paz",
    "colonias": [
      "Ampliación Jardines del Sur",
      "Jardines del Sur"
    ]
  },
  "23056": {
    "municipio": "La Paz",
    "colonias": [
      "Flores Magón",
      "Popular Indeco"
    ]
  },
  "23060": {
    "municipio": "La Paz",
    "colonias": [
      "Barrio El Manglito",
      "California",
      "Inalámbrica",
      "Lomas de Cataviña",
      "Primero de Mayo",
      "Pueblo Nuevo",
      "Quinta Esmeralda",
      "San Pablo",
      "Su Casa"
    ]
  },
  "23070": {
    "municipio": "La Paz",
    "colonias": [
      "Emiliano Zapata",
      "INFONAVIT",
      "Indeco",
      "Jardines de la Paz",
      "Las Grullas",
      "Las Palmas",
      "Oro Blanco",
      "Pescadores",
      "Residencial las Garzas",
      "Sendero las Flores"
    ]
  },
  "23075": {
    "municipio": "La Paz",
    "colonias": [
      "3 de Mayo",
      "3 de Mayo II",
      "Agustín Arriola",
      "Balandra",
      "Borrego Cimarrón",
      "Miguel Canseco",
      "Molino Harinero",
      "Molino Harinero II",
      "Privada Las Garzas",
      "Revolución",
      "Revolución II",
      "Santa Mónica"
    ]
  },
  "23076": {
    "municipio": "La Paz",
    "colonias": [
      "Burocrática las Garzas",
      "Civilizadores I",
      "Civilizadores II",
      "Del Sol",
      "Las Islas",
      "Las Tunas",
      "Los Cactus",
      "Popular Garza V",
      "Reforma",
      "Residencial Santa Rita",
      "San Agustín",
      "Villa Santa María"
    ]
  },
  "23077": {
    "municipio": "La Paz",
    "colonias": [
      "17 de Octubre"
    ]
  },
  "23078": {
    "municipio": "La Paz",
    "colonias": [
      "Clemente Guillen",
      "Embotelladores 83",
      "Libertad",
      "Los Ángeles Residencial",
      "Residencial Balandra",
      "Unidad Donceles 28"
    ]
  },
  "23079": {
    "municipio": "La Paz",
    "colonias": [
      "Domingo Carballo Félix",
      "Las Garzas",
      "Rio Blanco"
    ]
  },
  "23080": {
    "municipio": "La Paz",
    "colonias": [
      "1 de Mayo",
      "28 de Octubre (Kilómetro 6)",
      "8 de Octubre 1a Sección",
      "Agua Escondida",
      "BANOBRAS",
      "Campestre el Mezquitito",
      "Fuerza Aérea",
      "Los Bledales (La Ceibita)",
      "Mezquitito",
      "Rinconada el Cardonal",
      "Santa María",
      "Sudcalifornia",
      "Universitario"
    ]
  },
  "23083": {
    "municipio": "La Paz",
    "colonias": [
      "Misiones",
      "Misiones II",
      "San Fernando",
      "San Isidro Coto Residencial",
      "Solidaridad Mezquitito"
    ]
  },
  "23084": {
    "municipio": "La Paz",
    "colonias": [
      "Ampliación El Progreso",
      "Diana Laura",
      "El Dorado",
      "El Palmar II",
      "El Progreso",
      "INVI El Mezquitito",
      "La Cañada",
      "La Estancia",
      "Las Californias",
      "Las Palmas",
      "Los Tabachines",
      "Península Sur",
      "Puerta Real Residencial",
      "Terranova",
      "VIVAH El Progreso",
      "Valle del Mezquite",
      "Vista Dorada"
    ]
  },
  "23085": {
    "municipio": "La Paz",
    "colonias": [
      "8 de Octubre 2a Sección",
      "Altamira Residencial",
      "Altavela",
      "Altezza Residencial",
      "Antares Residencial",
      "Arbolares",
      "Azul Marino",
      "Brisas de las Olas",
      "Calandrio",
      "Coromuel",
      "Correcaminos",
      "El Calandrio",
      "El Pescador",
      "Hispania Residencial",
      "La Cima Residencial",
      "Las Américas",
      "Leonardo Rodriguez",
      "Los Bledales",
      "Los Álamos",
      "Miramar",
      "Paraíso del Sol",
      "Paseos del Sol",
      "Quintas San Patricio",
      "Rinconada las Californias",
      "San Carlos III",
      "San Miguel",
      "San Miguel II",
      "San Rafael",
      "Santa Fe",
      "Universidad Autónoma de Baja California Sur",
      "Villas de San Lorenzo",
      "Villas del Encanto",
      "Virreyes"
    ]
  },
  "23086": {
    "municipio": "La Paz",
    "colonias": [
      "Ángel Cesar Mendoza Aramburo"
    ]
  },
  "23088": {
    "municipio": "La Paz",
    "colonias": [
      "Agua Clara",
      "Ampliación Ayuntamiento",
      "Arcoiris",
      "Arcoiris II",
      "Arcoiris III",
      "Ayuntamiento",
      "Bella California",
      "Bella California III",
      "Calafia",
      "Campestre el Cardón",
      "Cola de la Ballena",
      "Del Mar Residencial",
      "El Camino Real",
      "El Zacatal",
      "La Fuente",
      "Lomas del Cardón",
      "Perla del Golfo",
      "Real del Sol",
      "Vista Real"
    ]
  },
  "23089": {
    "municipio": "La Paz",
    "colonias": [
      "El Cardoncito",
      "El Cardoncito II",
      "El Maurel Residencial",
      "El Palmar I",
      "El Palmar IV",
      "Fuerza Aérea",
      "INVI Chametla",
      "Jerico",
      "La Pasión C",
      "La Pitahaya",
      "Los Cardones",
      "Los Pinos",
      "Olas Altas",
      "Parque Industrial",
      "San José",
      "Valle Dorado",
      "Villas de La Paz",
      "Villas del Cortes",
      "Zona Antiguo Aeropuerto"
    ]
  },
  "23090": {
    "municipio": "La Paz",
    "colonias": [
      "Arcos del Sol",
      "Arcos del Sol I",
      "Atardeceres",
      "Bahia de la Paz",
      "Benito Juárez",
      "Bugambilias",
      "Cactus Harinera",
      "Campestre",
      "Capullo",
      "Casa Blanca",
      "El Conchalito",
      "Inalapa",
      "Jardines de La Paz",
      "La Esperanza",
      "La Esperanza 2",
      "La Esperanza 3",
      "Los Girasoles",
      "Marina Sol",
      "Privadas del Sol",
      "Puesta del Sol",
      "San Antonio El Zacatal",
      "San José",
      "San Marino",
      "Solidaridad",
      "Tulipanes"
    ]
  },
  "23094": {
    "municipio": "La Paz",
    "colonias": [
      "Ballenas",
      "Las Flores",
      "Las Quintas",
      "Los Cántaros",
      "Los Peces",
      "Sector La Selva Fidepaz"
    ]
  },
  "23095": {
    "municipio": "La Paz",
    "colonias": [
      "Balandra Puesta del Sol",
      "La Sirena",
      "Nueva Puesta del Sol",
      "Sector Santa Rita"
    ]
  },
  "23096": {
    "municipio": "La Paz",
    "colonias": [
      "Guaycura",
      "Playa de Santa Rita"
    ]
  },
  "23097": {
    "municipio": "La Paz",
    "colonias": [
      "Ciudad del Recreo",
      "Los Pericues",
      "Mineros (Perla ROFOMEX)",
      "Misioneros",
      "Plan Hidráulico",
      "Pueblo Nuevo",
      "Residencial Marina Sur",
      "Villas del Mar"
    ]
  },
  "23098": {
    "municipio": "La Paz",
    "colonias": [
      "Azaleas",
      "CCC y Perla de La Paz",
      "Cácaros",
      "Garzas Agrícolas",
      "Las Garzas INFONAVIT",
      "Las Margaritas",
      "María Conchita",
      "Sector Inalapa"
    ]
  },
  "23099": {
    "municipio": "La Paz",
    "colonias": [
      "Estrella",
      "Independencia",
      "Las Arboledas",
      "Residencial Loreto",
      "Santa María"
    ]
  },
  "23100": {
    "municipio": "La Paz",
    "colonias": [
      "Las Golondrinas",
      "San Bartolo"
    ]
  },
  "23106": {
    "municipio": "La Paz",
    "colonias": [
      "El Palo Verde"
    ]
  },
  "23130": {
    "municipio": "La Paz",
    "colonias": [
      "Santa Rita"
    ]
  },
  "23133": {
    "municipio": "La Paz",
    "colonias": [
      "El Agua de los Coyotes"
    ]
  },
  "23134": {
    "municipio": "La Paz",
    "colonias": [
      "Puerto Chale"
    ]
  },
  "23140": {
    "municipio": "La Paz",
    "colonias": [
      "Las Ánimas"
    ]
  },
  "23143": {
    "municipio": "La Paz",
    "colonias": [
      "San Evaristo"
    ]
  },
  "23150": {
    "municipio": "La Paz",
    "colonias": [
      "Las Pocitas"
    ]
  },
  "23154": {
    "municipio": "La Paz",
    "colonias": [
      "La Cieneguita"
    ]
  },
  "23170": {
    "municipio": "La Paz",
    "colonias": [
      "San Hilario"
    ]
  },
  "23174": {
    "municipio": "La Paz",
    "colonias": [
      "San Juan de la Costa"
    ]
  },
  "23200": {
    "municipio": "La Paz",
    "colonias": [
      "San Antonio"
    ]
  },
  "23203": {
    "municipio": "La Paz",
    "colonias": [
      "Alfredo V Bonfil"
    ]
  },
  "23205": {
    "municipio": "La Paz",
    "colonias": [
      "Ampliación Centenario",
      "Chametla",
      "Comitán",
      "El Centenario",
      "Paraíso del Mar",
      "Puerta Azul"
    ]
  },
  "23206": {
    "municipio": "La Paz",
    "colonias": [
      "Agroexportadora del Noroeste",
      "La Paz (Gral. Manuel Márquez de León)"
    ]
  },
  "23208": {
    "municipio": "La Paz",
    "colonias": [
      "La Fortuna",
      "La Lagunita",
      "Puerto de Pichilingue",
      "Rosarito"
    ]
  },
  "23209": {
    "municipio": "La Paz",
    "colonias": [
      "Las Vinoramas"
    ]
  },
  "23210": {
    "municipio": "La Paz",
    "colonias": [
      "El Triunfo",
      "San Antonio"
    ]
  },
  "23213": {
    "municipio": "La Paz",
    "colonias": [
      "El Encino"
    ]
  },
  "23215": {
    "municipio": "La Paz",
    "colonias": [
      "Agua Blanca"
    ]
  },
  "23216": {
    "municipio": "La Paz",
    "colonias": [
      "Las 3 Pachitas"
    ]
  },
  "23217": {
    "municipio": "La Paz",
    "colonias": [
      "El Rosario 1"
    ]
  },
  "23230": {
    "municipio": "La Paz",
    "colonias": [
      "General Juan Domínguez Cota",
      "San Juan de los Planes"
    ]
  },
  "23232": {
    "municipio": "La Paz",
    "colonias": [
      "El Sargento",
      "La Ventana",
      "San Fermín (La Cuesta)"
    ]
  },
  "23234": {
    "municipio": "La Paz",
    "colonias": [
      "Agua Amarga",
      "San Pedro México"
    ]
  },
  "23236": {
    "municipio": "La Paz",
    "colonias": [
      "Ensenada de Muertos"
    ]
  },
  "23240": {
    "municipio": "La Paz",
    "colonias": [
      "San Pedro"
    ]
  },
  "23243": {
    "municipio": "La Paz",
    "colonias": [
      "El Ancón"
    ]
  },
  "23244": {
    "municipio": "La Paz",
    "colonias": [
      "Los Tamales"
    ]
  },
  "23247": {
    "municipio": "La Paz",
    "colonias": [
      "San Ramon"
    ]
  },
  "23248": {
    "municipio": "La Paz",
    "colonias": [
      "El Pozo",
      "La Trinchera",
      "Los Divisaderos",
      "Álvaro Obregón"
    ]
  },
  "23249": {
    "municipio": "La Paz",
    "colonias": [
      "Los Algodones",
      "Santa Rita"
    ]
  },
  "23250": {
    "municipio": "La Paz",
    "colonias": [
      "Agrícola Santa Lidia",
      "El Carrizal",
      "La Trinidad"
    ]
  },
  "23252": {
    "municipio": "La Paz",
    "colonias": [
      "El Cachanilla",
      "San Martin"
    ]
  },
  "23253": {
    "municipio": "La Paz",
    "colonias": [
      "El Palmarito 2"
    ]
  },
  "23257": {
    "municipio": "La Paz",
    "colonias": [
      "Santa Martha"
    ]
  },
  "23258": {
    "municipio": "La Paz",
    "colonias": [
      "Melitón Albáñez Domínguez"
    ]
  },
  "23280": {
    "municipio": "La Paz",
    "colonias": [
      "Santa Rosa"
    ]
  },
  "23283": {
    "municipio": "La Paz",
    "colonias": [
      "Ley Federal de Reforma Agraria Dos",
      "Ley Federal de Reforma Agraria Uno",
      "NCPE Conquista Agraria"
    ]
  },
  "23285": {
    "municipio": "La Paz",
    "colonias": [
      "El Refugio"
    ]
  },
  "23289": {
    "municipio": "La Paz",
    "colonias": [
      "Buenavista"
    ]
  },
  "23300": {
    "municipio": "La Paz",
    "colonias": [
      "Brisas del Pacifico",
      "Centro",
      "El Coyote",
      "El Pescadero",
      "El Rio",
      "El Vuelo del Águila",
      "La Cahchora",
      "La Calera",
      "La Esperanza",
      "La Poza",
      "Las Flores",
      "Las Quintas",
      "Las Tunas",
      "Pueblo Nuevo",
      "San Ignacio",
      "San Juan",
      "San Vicente"
    ]
  },
  "23302": {
    "municipio": "La Paz",
    "colonias": [
      "La Matanza"
    ]
  },
  "23303": {
    "municipio": "La Paz",
    "colonias": [
      "El Cañón",
      "La Vinatería"
    ]
  },
  "23304": {
    "municipio": "La Paz",
    "colonias": [
      "El Salto"
    ]
  },
  "23308": {
    "municipio": "La Paz",
    "colonias": [
      "El Batequito"
    ]
  },
  "23311": {
    "municipio": "La Paz",
    "colonias": [
      "El Valle Perdido"
    ]
  },
  "23312": {
    "municipio": "La Paz",
    "colonias": [
      "El Pintado"
    ]
  },
  "23317": {
    "municipio": "La Paz",
    "colonias": [
      "San Simón"
    ]
  },
  "23320": {
    "municipio": "La Paz",
    "colonias": [
      "Boca del Álamo"
    ]
  },
  "23321": {
    "municipio": "La Paz",
    "colonias": [
      "San Angel"
    ]
  },
  "23322": {
    "municipio": "La Paz",
    "colonias": [
      "Santa Martha"
    ]
  },
  "23328": {
    "municipio": "La Paz",
    "colonias": [
      "San Bartolo Sur"
    ]
  },
  "23329": {
    "municipio": "La Paz",
    "colonias": [
      "Rincón de Leon"
    ]
  },
  "23330": {
    "municipio": "La Paz",
    "colonias": [
      "Buenos Aires",
      "Los Barriles"
    ]
  },
  "23333": {
    "municipio": "La Paz",
    "colonias": [
      "El Coro",
      "El Corral Falso"
    ]
  },
  "23334": {
    "municipio": "La Paz",
    "colonias": [
      "Agua de la Costa"
    ]
  },
  "23350": {
    "municipio": "La Paz",
    "colonias": [
      "El Sacrificio"
    ]
  },
  "23354": {
    "municipio": "La Paz",
    "colonias": [
      "El Cardonal",
      "El Pescadero",
      "La Línea",
      "Las Tinas",
      "Los Algodones",
      "Punta Pescadero"
    ]
  },
  "23360": {
    "municipio": "La Paz",
    "colonias": [
      "El Refugio Sur"
    ]
  },
  "23361": {
    "municipio": "La Paz",
    "colonias": [
      "San Carlos"
    ]
  },
  "23362": {
    "municipio": "La Paz",
    "colonias": [
      "El Salado",
      "Punta Lobos",
      "San Martín"
    ]
  },
  "23363": {
    "municipio": "La Paz",
    "colonias": [
      "El Palmar"
    ]
  },
  "23364": {
    "municipio": "La Paz",
    "colonias": [
      "San Jacinto"
    ]
  },
  "23365": {
    "municipio": "La Paz",
    "colonias": [
      "San Pedro de La Soledad"
    ]
  },
  "23366": {
    "municipio": "La Paz",
    "colonias": [
      "El Barranco",
      "La Cuesta"
    ]
  },
  "23390": {
    "municipio": "La Paz",
    "colonias": [
      "Plutarco Elias Calles"
    ]
  },
  "23395": {
    "municipio": "La Paz",
    "colonias": [
      "El Palmarito"
    ]
  },
  "23400": {
    "municipio": "Los Cabos",
    "colonias": [
      "San José del Cabo Centro"
    ]
  },
  "23403": {
    "municipio": "Los Cabos",
    "colonias": [
      "El Encanto de la Laguna",
      "La Choya INFONAVIT",
      "La Playa",
      "Rincón de la Playa",
      "San Vicente"
    ]
  },
  "23405": {
    "municipio": "Los Cabos",
    "colonias": [
      "Cabo Colorado",
      "Cabo Real",
      "Coral Baja",
      "Costa Brava",
      "El Tule",
      "La Antigua",
      "La Joya de los Cabos",
      "Loma Encantada",
      "Lomas del Tule",
      "Magisterial",
      "Mañanitas",
      "Mykonos",
      "Palmilla",
      "Rancho Cerro Colorado",
      "Vista Colorada",
      "Zona Hotelera San José del Cabo"
    ]
  },
  "23406": {
    "municipio": "Los Cabos",
    "colonias": [
      "5 de Febrero",
      "8 de Octubre",
      "Cerro del Vigía",
      "Club Campestre San José",
      "Costa Azul",
      "Gringos Hill",
      "Lomas de La Jolla",
      "Primero de Mayo",
      "Terrazas Costa Azul",
      "Villas de La Joya"
    ]
  },
  "23407": {
    "municipio": "Los Cabos",
    "colonias": [
      "Animas Altas",
      "Animas Bajas",
      "Guaymitas",
      "Rinconada La Huerta",
      "Rosarito"
    ]
  },
  "23420": {
    "municipio": "Los Cabos",
    "colonias": [
      "Aeropuerto",
      "Costa Dorada",
      "Invi Santa Anita",
      "Real del Monte",
      "Santa Anita"
    ]
  },
  "23425": {
    "municipio": "Los Cabos",
    "colonias": [
      "Santa Catarina"
    ]
  },
  "23426": {
    "municipio": "Los Cabos",
    "colonias": [
      "Invi San José Viejo",
      "La Ballena",
      "Loma Cruz",
      "Puerto Nuevo"
    ]
  },
  "23427": {
    "municipio": "Los Cabos",
    "colonias": [
      "Ampliación Vista Hermosa",
      "Colinas San José",
      "El Zacatal",
      "Monte Bello Condominio Plus",
      "Villas de Cortez",
      "Vista Hermosa"
    ]
  },
  "23428": {
    "municipio": "Los Cabos",
    "colonias": [
      "Santa Rosa"
    ]
  },
  "23429": {
    "municipio": "Los Cabos",
    "colonias": [
      "San José del Cabo (Los Cabos)"
    ]
  },
  "23434": {
    "municipio": "Los Cabos",
    "colonias": [
      "Ampliación Veredas",
      "Costa Dorada",
      "Oasis",
      "Pénjamo",
      "San Carlos",
      "Villa Bonita"
    ]
  },
  "23435": {
    "municipio": "Los Cabos",
    "colonias": [
      "FOVISSSTE las Veredas",
      "INFONAVIT",
      "Las Veredas"
    ]
  },
  "23436": {
    "municipio": "Los Cabos",
    "colonias": [
      "Buenos Aires",
      "San Bernabe"
    ]
  },
  "23437": {
    "municipio": "Los Cabos",
    "colonias": [
      "El Limón",
      "Las Dunas",
      "San José Viejo"
    ]
  },
  "23440": {
    "municipio": "Los Cabos",
    "colonias": [
      "Jesús Castro Agundes"
    ]
  },
  "23443": {
    "municipio": "Los Cabos",
    "colonias": [
      "Chula Vista",
      "El Aguajito",
      "Mauricio Castro"
    ]
  },
  "23444": {
    "municipio": "Los Cabos",
    "colonias": [
      "Colinas Plus",
      "Country del Mar",
      "Lomas de Rosarito",
      "Luis Donaldo Colosio",
      "Monte Real Residencial",
      "Pablo L Martinez"
    ]
  },
  "23445": {
    "municipio": "Los Cabos",
    "colonias": [
      "Lomas de Guaymitas"
    ]
  },
  "23450": {
    "municipio": "Los Cabos",
    "colonias": [
      "Cabo San Lucas Centro",
      "La Dársena",
      "Modulo Turístico",
      "Plaza Bonita",
      "Plaza Náutica",
      "Plaza Real",
      "Plaza del Marlin",
      "Plaza del Sol",
      "Plaza las Glorias"
    ]
  },
  "23453": {
    "municipio": "Los Cabos",
    "colonias": [
      "El Medano",
      "El Pedregal",
      "La Marina",
      "Terrasol"
    ]
  },
  "23454": {
    "municipio": "Los Cabos",
    "colonias": [
      "Cabo del Mar",
      "Cumbres del Tezal",
      "El Tezal",
      "La Noria",
      "La Vista",
      "Las Villas del Tezal",
      "Luna del Tezal",
      "Mediterránea",
      "Privanzas",
      "Puerta del Mar",
      "Punta Arena",
      "Rancho Paraíso",
      "Residencial La Cima",
      "Residencial Maranata",
      "Residencial San Luciano",
      "Ventanas de Cabo",
      "Ventanas del Cortés",
      "Ventanas del Mar",
      "Vista Bahía",
      "Vistana",
      "Zona Hotelera"
    ]
  },
  "23455": {
    "municipio": "Los Cabos",
    "colonias": [
      "Cabo Bello",
      "Hacienda Encantada",
      "Las Residencias",
      "Misiones del Cabo",
      "Puesta del Sol",
      "Punta Ballena",
      "Residencial Cabo del Sol",
      "Residencial Olamar",
      "San Antonio",
      "Santa Carmela",
      "Villa Serena"
    ]
  },
  "23456": {
    "municipio": "Los Cabos",
    "colonias": [
      "Acuario",
      "Altos de Miramar",
      "Arco Iris",
      "Balcones",
      "Bella Vista",
      "Buenos Aires",
      "Bugambilias",
      "Colinas de Cabo Baja",
      "El Palmar",
      "Estrella de Mar",
      "Jazmines",
      "Lomas del Cabo",
      "Miramar",
      "Paraíso",
      "Privada Perla",
      "Pueblo Bonito Montecristo",
      "Pueblo Bonito Palacio",
      "Pueblo Bonito Sunset",
      "Quintas California",
      "Real de Miramar",
      "Rincón de Miramar"
    ]
  },
  "23460": {
    "municipio": "Los Cabos",
    "colonias": [
      "Ampliación Mariano Matamoros",
      "Arenal",
      "La Joya",
      "Tabachines",
      "Zona Ejidal"
    ]
  },
  "23462": {
    "municipio": "Los Cabos",
    "colonias": [
      "Aura Residencial",
      "Lagunitas",
      "Leonardo Gastélum Quinta Etapa",
      "Leonardo Rodríguez Gastélum",
      "Mesa Colorada",
      "Mesa Colorada II",
      "Mesa Colorada III",
      "Paraíso del Sol",
      "Pueblo Nuevo",
      "Real Unidad"
    ]
  },
  "23463": {
    "municipio": "Los Cabos",
    "colonias": [
      "Cabo San Lucas Country Club"
    ]
  },
  "23467": {
    "municipio": "Los Cabos",
    "colonias": [
      "Amalfi",
      "Cabo Toscana",
      "Casa Mexicana",
      "Coto San Diego",
      "Cresta del Mar",
      "Hermitage",
      "Las Misiones",
      "Puerta de Hierro",
      "Punta Arena",
      "Residencial Ciruelos",
      "Residencial Puerta del Sol",
      "Residencial San Jerónimo",
      "Reyna Avalos",
      "Sierra Dorada",
      "Tamar Residencial",
      "Terrazas las Fuentes",
      "Villa Neptuno",
      "Vista Real",
      "Vista de Cortés"
    ]
  },
  "23468": {
    "municipio": "Los Cabos",
    "colonias": [
      "INFONAVIT Viejo",
      "Mariano Matamoros"
    ]
  },
  "23469": {
    "municipio": "Los Cabos",
    "colonias": [
      "Ampliación Juárez",
      "Benito Juárez",
      "Coromuel"
    ]
  },
  "23470": {
    "municipio": "Los Cabos",
    "colonias": [
      "Ampliación 4 de Marzo",
      "Ejidal",
      "Ildefonso Green",
      "La Cruz",
      "Libertad",
      "Lienzo Charro Centro",
      "Nueva Ejidal"
    ]
  },
  "23472": {
    "municipio": "Los Cabos",
    "colonias": [
      "4 de Marzo",
      "Lomas Altas",
      "Lomas del Faro Viejo",
      "Magisterial",
      "Núcleo Agrario",
      "Obrera"
    ]
  },
  "23473": {
    "municipio": "Los Cabos",
    "colonias": [
      "Agua Clara",
      "Altamira",
      "Altamira Condominios Plus",
      "Auroras",
      "Brisas del Pacifico",
      "Brisas del Pacifico Codepa",
      "Cabo Hills Villas",
      "Casa Blanca",
      "Cerro de los Venados",
      "Gardenias",
      "Hojazen",
      "INFONAVIT Nuevo",
      "Jacarandas",
      "Lomas del Pacifico",
      "Los Cangrejos",
      "Portales",
      "Reforma",
      "Santa Bárbara",
      "Terranova",
      "Vista Hermosa"
    ]
  },
  "23474": {
    "municipio": "Los Cabos",
    "colonias": [
      "Arcos del Sol",
      "Inova",
      "Jardines del Sol",
      "La Esperanza",
      "Villas de La Joya"
    ]
  },
  "23475": {
    "municipio": "Los Cabos",
    "colonias": [
      "Hemisferia"
    ]
  },
  "23477": {
    "municipio": "Los Cabos",
    "colonias": [
      "Cabo Fierro",
      "Celeste Residencial",
      "Chulavista",
      "El Caribe",
      "Las Palmas",
      "Lomas del Sol",
      "Lomas del Valle",
      "Magisterial Viva",
      "Misiones de Santa Fe",
      "Progreso",
      "Residencial La Peña",
      "Rosa Delia",
      "Tierra y Libertad"
    ]
  },
  "23478": {
    "municipio": "Los Cabos",
    "colonias": [
      "Arcos del Sol II"
    ]
  },
  "23500": {
    "municipio": "Los Cabos",
    "colonias": [
      "El Zacatal",
      "Matancitas",
      "Milpillas",
      "Santa Bárbara",
      "Santiago"
    ]
  },
  "23501": {
    "municipio": "Los Cabos",
    "colonias": [
      "El Epazote"
    ]
  },
  "23503": {
    "municipio": "Los Cabos",
    "colonias": [
      "Rosarito"
    ]
  },
  "23510": {
    "municipio": "Los Cabos",
    "colonias": [
      "Agua Caliente"
    ]
  },
  "23520": {
    "municipio": "Los Cabos",
    "colonias": [
      "Boca de la Sierra",
      "Miraflores"
    ]
  },
  "23522": {
    "municipio": "Los Cabos",
    "colonias": [
      "La Palmilla",
      "Las Casitas"
    ]
  },
  "23530": {
    "municipio": "Los Cabos",
    "colonias": [
      "Caduaño",
      "El Ranchito"
    ]
  },
  "23533": {
    "municipio": "Los Cabos",
    "colonias": [
      "Los Frailes"
    ]
  },
  "23535": {
    "municipio": "Los Cabos",
    "colonias": [
      "Palo Escopeta"
    ]
  },
  "23541": {
    "municipio": "Los Cabos",
    "colonias": [
      "El Refugio"
    ]
  },
  "23560": {
    "municipio": "Los Cabos",
    "colonias": [
      "El Campamento",
      "Las Cuevas"
    ]
  },
  "23563": {
    "municipio": "Los Cabos",
    "colonias": [
      "El Leonero"
    ]
  },
  "23567": {
    "municipio": "Los Cabos",
    "colonias": [
      "Santa Cruz"
    ]
  },
  "23570": {
    "municipio": "Los Cabos",
    "colonias": [
      "Don Martín",
      "La Ribera"
    ]
  },
  "23574": {
    "municipio": "Los Cabos",
    "colonias": [
      "Cabo Pulmo"
    ]
  },
  "23575": {
    "municipio": "Los Cabos",
    "colonias": [
      "Las Barrancas"
    ]
  },
  "23580": {
    "municipio": "Los Cabos",
    "colonias": [
      "Buenavista"
    ]
  },
  "23581": {
    "municipio": "Los Cabos",
    "colonias": [
      "La Ballena",
      "San Felipe"
    ]
  },
  "23586": {
    "municipio": "Los Cabos",
    "colonias": [
      "El Ranchito"
    ]
  },
  "23590": {
    "municipio": "Los Cabos",
    "colonias": [
      "La Candelaria"
    ]
  },
  "23593": {
    "municipio": "Los Cabos",
    "colonias": [
      "Boca del Saucito",
      "El Sauzal"
    ]
  },
  "23597": {
    "municipio": "Los Cabos",
    "colonias": [
      "Buenavista"
    ]
  },
  "23600": {
    "municipio": "Comondú",
    "colonias": [
      "Cerro Catedral",
      "INVI Olivos Juan Domínguez Cota",
      "Zona Centro"
    ]
  },
  "23610": {
    "municipio": "Comondú",
    "colonias": [
      "Las Palmas"
    ]
  },
  "23620": {
    "municipio": "Comondú",
    "colonias": [
      "Cecilia Madrid",
      "Longoria",
      "Renero",
      "Vargas"
    ]
  },
  "23630": {
    "municipio": "Comondú",
    "colonias": [
      "Los Olivos"
    ]
  },
  "23640": {
    "municipio": "Comondú",
    "colonias": [
      "El Paraíso",
      "FOVISSSTE Olimpico",
      "Olímpico"
    ]
  },
  "23641": {
    "municipio": "Comondú",
    "colonias": [
      "4 de Marzo",
      "Ampliación 4 de marzo",
      "Conjunto Urbano del Norte"
    ]
  },
  "23650": {
    "municipio": "Comondú",
    "colonias": [
      "INVI Hacienda",
      "Lienzo Charro"
    ]
  },
  "23653": {
    "municipio": "Comondú",
    "colonias": [
      "Militar"
    ]
  },
  "23658": {
    "municipio": "Comondú",
    "colonias": [
      "Residencial La Hacienda"
    ]
  },
  "23660": {
    "municipio": "Comondú",
    "colonias": [
      "Guaycura"
    ]
  },
  "23670": {
    "municipio": "Comondú",
    "colonias": [
      "El Crucero",
      "Los Pinos",
      "Pueblo Nuevo"
    ]
  },
  "23676": {
    "municipio": "Comondú",
    "colonias": [
      "FOVISSSTE Pioneros",
      "Pioneros",
      "Pioneros II"
    ]
  },
  "23677": {
    "municipio": "Comondú",
    "colonias": [
      "Conjunto Urbano del Sur",
      "Constitución",
      "La Esperanza"
    ]
  },
  "23678": {
    "municipio": "Comondú",
    "colonias": [
      "Plano Oriente",
      "San Isidro Labrador"
    ]
  },
  "23680": {
    "municipio": "Comondú",
    "colonias": [
      "FOVISSSTE Real",
      "Real",
      "Valle Paraíso"
    ]
  },
  "23683": {
    "municipio": "Comondú",
    "colonias": [
      "Paseos de Don Pelayo"
    ]
  },
  "23690": {
    "municipio": "Comondú",
    "colonias": [
      "Batequitos",
      "INFONAVIT San Martín"
    ]
  },
  "23695": {
    "municipio": "Comondú",
    "colonias": [
      "Roberto Esperon"
    ]
  },
  "23696": {
    "municipio": "Comondú",
    "colonias": [
      "El Agricultor INDECO",
      "Los Romeros"
    ]
  },
  "23697": {
    "municipio": "Comondú",
    "colonias": [
      "Brisas del Valle",
      "Magisterial"
    ]
  },
  "23700": {
    "municipio": "Comondú",
    "colonias": [
      "Ciudad Insurgentes",
      "Fernando de la Toba (Los Algarrobos)"
    ]
  },
  "23708": {
    "municipio": "Comondú",
    "colonias": [
      "Rio Mayo"
    ]
  },
  "23710": {
    "municipio": "Comondú",
    "colonias": [
      "Puerto Adolfo López Mateos"
    ]
  },
  "23715": {
    "municipio": "Comondú",
    "colonias": [
      "Villa Ignacio Zaragoza"
    ]
  },
  "23720": {
    "municipio": "Comondú",
    "colonias": [
      "Villa Hidalgo"
    ]
  },
  "23721": {
    "municipio": "Comondú",
    "colonias": [
      "Ramaditas",
      "San Juan de Matancitas"
    ]
  },
  "23723": {
    "municipio": "Comondú",
    "colonias": [
      "Josefa Ortiz de Domínguez"
    ]
  },
  "23730": {
    "municipio": "Comondú",
    "colonias": [
      "Benito Juárez"
    ]
  },
  "23734": {
    "municipio": "Comondú",
    "colonias": [
      "Teotlan"
    ]
  },
  "23736": {
    "municipio": "Comondú",
    "colonias": [
      "Palo Bola"
    ]
  },
  "23737": {
    "municipio": "Comondú",
    "colonias": [
      "El Vallecito"
    ]
  },
  "23739": {
    "municipio": "Comondú",
    "colonias": [
      "Navojoa 1"
    ]
  },
  "23740": {
    "municipio": "Comondú",
    "colonias": [
      "Puerto San Carlos"
    ]
  },
  "23743": {
    "municipio": "Comondú",
    "colonias": [
      "El Ranchito"
    ]
  },
  "23748": {
    "municipio": "Comondú",
    "colonias": [
      "Puerto Magdalena"
    ]
  },
  "23749": {
    "municipio": "Comondú",
    "colonias": [
      "Puerto Alcatraz"
    ]
  },
  "23750": {
    "municipio": "Comondú",
    "colonias": [
      "Puerto Cortes"
    ]
  },
  "23760": {
    "municipio": "Comondú",
    "colonias": [
      "Ley Federal de Aguas No 5"
    ]
  },
  "23765": {
    "municipio": "Comondú",
    "colonias": [
      "Buenos Aires",
      "San Luis Gonzaga"
    ]
  },
  "23766": {
    "municipio": "Comondú",
    "colonias": [
      "Tepentu"
    ]
  },
  "23767": {
    "municipio": "Comondú",
    "colonias": [
      "Lagunita"
    ]
  },
  "23770": {
    "municipio": "Comondú",
    "colonias": [
      "Villa Morelos"
    ]
  },
  "23771": {
    "municipio": "Comondú",
    "colonias": [
      "El Vergel"
    ]
  },
  "23774": {
    "municipio": "Comondú",
    "colonias": [
      "Las Delicias"
    ]
  },
  "23775": {
    "municipio": "Comondú",
    "colonias": [
      "Yaquis Lote 13"
    ]
  },
  "23780": {
    "municipio": "Comondú",
    "colonias": [
      "Ley Federal de Aguas No 4"
    ]
  },
  "23789": {
    "municipio": "Comondú",
    "colonias": [
      "Santa Teresa"
    ]
  },
  "23790": {
    "municipio": "Comondú",
    "colonias": [
      "Ley Federal de Aguas No 3"
    ]
  },
  "23800": {
    "municipio": "Comondú",
    "colonias": [
      "San Miguel de Comondú"
    ]
  },
  "23805": {
    "municipio": "Comondú",
    "colonias": [
      "San Pedro"
    ]
  },
  "23810": {
    "municipio": "Comondú",
    "colonias": [
      "San Isidro"
    ]
  },
  "23812": {
    "municipio": "Comondú",
    "colonias": [
      "La Yaqui",
      "San Juanico"
    ]
  },
  "23813": {
    "municipio": "Comondú",
    "colonias": [
      "Paso Hondo",
      "Purísima Vieja"
    ]
  },
  "23818": {
    "municipio": "Comondú",
    "colonias": [
      "San Gregorio"
    ]
  },
  "23820": {
    "municipio": "Comondú",
    "colonias": [
      "Carambuche",
      "El Pabellón",
      "La Purísima",
      "San José de Comondú"
    ]
  },
  "23824": {
    "municipio": "Comondú",
    "colonias": [
      "Ojo de Agua"
    ]
  },
  "23830": {
    "municipio": "Comondú",
    "colonias": [
      "La Poza Grande"
    ]
  },
  "23834": {
    "municipio": "Comondú",
    "colonias": [
      "El Chicharrón",
      "Las Barrancas"
    ]
  },
  "23837": {
    "municipio": "Comondú",
    "colonias": [
      "San Venancio"
    ]
  },
  "23838": {
    "municipio": "Comondú",
    "colonias": [
      "Francisco Villa"
    ]
  },
  "23840": {
    "municipio": "Comondú",
    "colonias": [
      "María Auxiliadora"
    ]
  },
  "23844": {
    "municipio": "Comondú",
    "colonias": [
      "Jalisco",
      "Santo Domingo"
    ]
  },
  "23845": {
    "municipio": "Comondú",
    "colonias": [
      "El Palo Alto"
    ]
  },
  "23854": {
    "municipio": "Comondú",
    "colonias": [
      "Canelo"
    ]
  },
  "23860": {
    "municipio": "Comondú",
    "colonias": [
      "Ley Federal de Aguas No 2"
    ]
  },
  "23870": {
    "municipio": "Comondú",
    "colonias": [
      "Ley Federal de Aguas Número Uno"
    ]
  },
  "23873": {
    "municipio": "Comondú",
    "colonias": [
      "San Ignacio"
    ]
  },
  "23880": {
    "municipio": "Loreto",
    "colonias": [
      "Centro",
      "El Jaral",
      "Exploradores",
      "INFONAVIT",
      "INVI",
      "Miramar",
      "Misioneros",
      "Nuevo Loreto",
      "Obrera",
      "Zaragoza"
    ]
  },
  "23883": {
    "municipio": "Loreto",
    "colonias": [
      "El Pozo de los Murillo",
      "Las Parras",
      "Lomas Altas",
      "Lomas Lindas",
      "Pent House"
    ]
  },
  "23884": {
    "municipio": "Loreto",
    "colonias": [
      "Arroyo de Leon",
      "El Cardonal",
      "El Troquero",
      "Hacienda Guadalupe",
      "La Morena",
      "Las Bebelamas",
      "Las Brisas",
      "Monte Cabello",
      "Pozo Redondo",
      "San Bruno"
    ]
  },
  "23885": {
    "municipio": "Loreto",
    "colonias": [
      "San Vicente"
    ]
  },
  "23886": {
    "municipio": "Loreto",
    "colonias": [
      "Naocojoa"
    ]
  },
  "23887": {
    "municipio": "Loreto",
    "colonias": [
      "Cadejé",
      "Canipole",
      "El Manglito",
      "Nopolo",
      "San Nicolás"
    ]
  },
  "23888": {
    "municipio": "Loreto",
    "colonias": [
      "El Cimarrón",
      "El Imposible",
      "La Giganta",
      "Los Búfalos",
      "Lote 11",
      "Lote 2a",
      "Lote 3a",
      "Lote 67",
      "Pénjamo",
      "Rancho el 47",
      "San Juan Bautista Londo",
      "San Pedro",
      "Santa Rosa"
    ]
  },
  "23889": {
    "municipio": "Loreto",
    "colonias": [
      "Loreto (Loreto)"
    ]
  },
  "23890": {
    "municipio": "Loreto",
    "colonias": [
      "Chula Vista",
      "La Calera",
      "Rancho Viejo",
      "San Guillermo",
      "Santa Isabel"
    ]
  },
  "23893": {
    "municipio": "Loreto",
    "colonias": [
      "Agua Bonita",
      "Agua Escondida",
      "El Aguaje",
      "El Belén",
      "El Pasito",
      "El Peloteado",
      "El Púa",
      "El Segundo Paso",
      "La Fortuna",
      "La Higuera",
      "La Presa",
      "Los Corrales",
      "Los Dolores",
      "Poza Gonzalez",
      "Rancho Nuevo",
      "San Angel",
      "San Javier",
      "Santa Rosa",
      "Santo Domingo"
    ]
  },
  "23894": {
    "municipio": "Loreto",
    "colonias": [
      "El Saucito",
      "Incha",
      "Juncalito",
      "Puerto Escondido"
    ]
  },
  "23895": {
    "municipio": "Loreto",
    "colonias": [
      "El Edén",
      "El Mezquite",
      "El Palmarcito",
      "El Palo Blanco",
      "Ensenada Blanca",
      "La Altagracia",
      "La Angostura",
      "Ligui",
      "Poza Teresa",
      "San Lucas",
      "Santa Inés",
      "Vuelta del Cerro"
    ]
  },
  "23896": {
    "municipio": "Loreto",
    "colonias": [
      "Agua Amarga",
      "El Carrizalito",
      "El Divisadero",
      "El Huatamote",
      "La Cruz",
      "La Engañosa",
      "La Presa",
      "La Última Agua",
      "Los Corrales",
      "Los Sestiaderos",
      "Paso de Santa Cruz",
      "Poza Seca",
      "Poza Verde",
      "Rancho Viejo",
      "San Cosme",
      "San Enrique",
      "Santa Cruz"
    ]
  },
  "23897": {
    "municipio": "Loreto",
    "colonias": [
      "Agua Verde",
      "El Tulillo",
      "Puerto Agua Verde",
      "San Antonio de La Higuera"
    ]
  },
  "23898": {
    "municipio": "Loreto",
    "colonias": [
      "El Carrizalito",
      "San Carlos",
      "Santa Martha",
      "Timbabichi"
    ]
  },
  "23900": {
    "municipio": "Mulegé",
    "colonias": [
      "Benavides",
      "Cananea",
      "El Cacheno",
      "El Ranchito",
      "El Rebaje",
      "Heroica Mulegé Centro",
      "La Calera",
      "La Paloma",
      "Loma Azul",
      "Punta de Agua",
      "Ranchería",
      "Tinajitas"
    ]
  },
  "23902": {
    "municipio": "Mulegé",
    "colonias": [
      "El Potrero"
    ]
  },
  "23903": {
    "municipio": "Mulegé",
    "colonias": [
      "El Coyote"
    ]
  },
  "23904": {
    "municipio": "Mulegé",
    "colonias": [
      "San Nicolás"
    ]
  },
  "23910": {
    "municipio": "Mulegé",
    "colonias": [
      "Isla San Marcos",
      "San Bruno"
    ]
  },
  "23911": {
    "municipio": "Mulegé",
    "colonias": [
      "San José de Magdalena",
      "San Lucas",
      "Santa Águeda"
    ]
  },
  "23912": {
    "municipio": "Mulegé",
    "colonias": [
      "El Perdido",
      "Las Cuevitas",
      "Palo Verde",
      "Punta Chivato",
      "San Isidro"
    ]
  },
  "23913": {
    "municipio": "Mulegé",
    "colonias": [
      "San Sebastián",
      "Santa Isabel del Boleo"
    ]
  },
  "23914": {
    "municipio": "Mulegé",
    "colonias": [
      "Las Tunas",
      "San Juan"
    ]
  },
  "23915": {
    "municipio": "Mulegé",
    "colonias": [
      "El Cardón",
      "El Dátil",
      "La Angostura",
      "Luis Echeverría"
    ]
  },
  "23916": {
    "municipio": "Mulegé",
    "colonias": [
      "El Dátil",
      "San Bartolo"
    ]
  },
  "23917": {
    "municipio": "Mulegé",
    "colonias": [
      "Jesús María"
    ]
  },
  "23920": {
    "municipio": "Mulegé",
    "colonias": [
      "Bellavista",
      "CADEPO",
      "Canadá",
      "Canastilla",
      "Centro",
      "Costa Azul",
      "Cuauhtémoc",
      "El Retiro",
      "Hidalgo",
      "La Villita",
      "Los Frailes",
      "Magisterial",
      "Mesa Francia",
      "Mesa México",
      "Nivel 50",
      "Nueva Santa Rosalía",
      "Ranchería",
      "Reforma",
      "Unidad Deportiva"
    ]
  },
  "23921": {
    "municipio": "Mulegé",
    "colonias": [
      "Santa María"
    ]
  },
  "23922": {
    "municipio": "Mulegé",
    "colonias": [
      "El Ranchito"
    ]
  },
  "23923": {
    "municipio": "Mulegé",
    "colonias": [
      "Licenciado Alfredo Vladimir Bonfil"
    ]
  },
  "23924": {
    "municipio": "Mulegé",
    "colonias": [
      "San Lino"
    ]
  },
  "23930": {
    "municipio": "Mulegé",
    "colonias": [
      "El Rincón",
      "Guamúchil",
      "La Correa",
      "Pueblo Nuevo",
      "Rastro",
      "San Ignacio Centro"
    ]
  },
  "23934": {
    "municipio": "Mulegé",
    "colonias": [
      "El Porvenir",
      "Guadalupe",
      "Los Mártires",
      "San Benito"
    ]
  },
  "23935": {
    "municipio": "Mulegé",
    "colonias": [
      "Don Juanito",
      "Gustavo Díaz Ordaz",
      "Las Margaritas",
      "San Francisco"
    ]
  },
  "23936": {
    "municipio": "Mulegé",
    "colonias": [
      "El Caracol",
      "El Silencio",
      "Emiliano Zapata",
      "Nueva Esperanza"
    ]
  },
  "23938": {
    "municipio": "Mulegé",
    "colonias": [
      "Benito Juárez",
      "Elizabeth",
      "Leonel Cota Montaño",
      "Magisterial",
      "Nueva Oaxaca",
      "Triky",
      "Unión y Progreso",
      "Villa Alberto Alvarado Aramburo"
    ]
  },
  "23940": {
    "municipio": "Mulegé",
    "colonias": [
      "El Dominó",
      "Estado 30",
      "FOVISSSTE",
      "Fundo Legal",
      "Guerrero Negro Centro",
      "INFONAVIT",
      "Libertad",
      "Loma Bonita",
      "Profesor Marcelo Rubio",
      "Solidaridad"
    ]
  },
  "23944": {
    "municipio": "Mulegé",
    "colonias": [
      "Benito Juárez",
      "Laguneros"
    ]
  },
  "23948": {
    "municipio": "Mulegé",
    "colonias": [
      "Gustavo Diaz Ordaz II Etapa (rancho La Joya)"
    ]
  },
  "23949": {
    "municipio": "Mulegé",
    "colonias": [
      "Francisco J Mújica",
      "Santo Tomás"
    ]
  },
  "23950": {
    "municipio": "Mulegé",
    "colonias": [
      "1 de Septiembre",
      "Angeles Mendoza",
      "Auditorio",
      "Bahía Tortugas",
      "Benito Juárez",
      "Centro",
      "Deportiva",
      "INFONAVIT",
      "José María Morelos",
      "La Purísima",
      "Loma Bonita",
      "Lomas de Guadalupe",
      "Marina Nacional",
      "Márque de León",
      "Pescadores",
      "Álvaro Obregón"
    ]
  },
  "23951": {
    "municipio": "Mulegé",
    "colonias": [
      "Isla Natividad"
    ]
  },
  "23952": {
    "municipio": "Mulegé",
    "colonias": [
      "Punta Eugenia"
    ]
  },
  "23959": {
    "municipio": "Mulegé",
    "colonias": [
      "San José de Castro"
    ]
  },
  "23960": {
    "municipio": "Mulegé",
    "colonias": [
      "Bahía Asunción"
    ]
  },
  "23969": {
    "municipio": "Mulegé",
    "colonias": [
      "San Roque"
    ]
  },
  "23970": {
    "municipio": "Mulegé",
    "colonias": [
      "Punta Abreojos"
    ]
  },
  "23971": {
    "municipio": "Mulegé",
    "colonias": [
      "Punta Prieta"
    ]
  },
  "23972": {
    "municipio": "Mulegé",
    "colonias": [
      "San Hipólito Bahía"
    ]
  },
  "23973": {
    "municipio": "Mulegé",
    "colonias": [
      "Estero de la Bocana"
    ]
  },
  "23980": {
    "municipio": "Mulegé",
    "colonias": [
      "Guadalupe"
    ]
  },
  "23983": {
    "municipio": "Mulegé",
    "colonias": [
      "Guillermo Prieto"
    ]
  },
  "23988": {
    "municipio": "Mulegé",
    "colonias": [
      "San Francisco de la Sierra"
    ]
  },
  "23990": {
    "municipio": "Mulegé",
    "colonias": [
      "El Carricito"
    ]
  },
  "23997": {
    "municipio": "Mulegé",
    "colonias": [
      "El Mezquital 1"
    ]
  }
}