{
  "21000": {
    "municipio": "Mexicali",
    "colonias": [
      "Centro Cívico"
    ]
  },
  "21010": {
    "municipio": "Mexicali",
    "colonias": [
      "Caliss",
      "Industrial",
      "Residencial Cerrada del Parque"
    ]
  },
  "21020": {
    "municipio": "Mexicali",
    "colonias": [
      "Burócrata"
    ]
  },
  "21030": {
    "municipio": "Mexicali",
    "colonias": [
      "Libertad",
      "Nacozari"
    ]
  },
  "21038": {
    "municipio": "Mexicali",
    "colonias": [
      "FOVISSSTE"
    ]
  },
  "21039": {
    "municipio": "Mexicali",
    "colonias": [
      "Esteban Cantú"
    ]
  },
  "21040": {
    "municipio": "Mexicali",
    "colonias": [
      "Calafia",
      "Ferrocarril"
    ]
  },
  "21050": {
    "municipio": "Mexicali",
    "colonias": [
      "Guajardo",
      "Nueva Esperanza",
      "San Marcos"
    ]
  },
  "21060": {
    "municipio": "Mexicali",
    "colonias": [
      "Anáhuac",
      "Constituyentes",
      "Indeco Anáhuac",
      "Josué Molina"
    ]
  },
  "21070": {
    "municipio": "Mexicali",
    "colonias": [
      "Balbuena",
      "Zacatecas"
    ]
  },
  "21079": {
    "municipio": "Mexicali",
    "colonias": [
      "Los Arcos"
    ]
  },
  "21080": {
    "municipio": "Mexicali",
    "colonias": [
      "El Vidrio"
    ]
  },
  "21090": {
    "municipio": "Mexicali",
    "colonias": [
      "Agualeguas",
      "Del Rastro",
      "Ejido Zacatecas"
    ]
  },
  "21100": {
    "municipio": "Mexicali",
    "colonias": [
      "Nueva",
      "Primera Sección",
      "Segunda Sección"
    ]
  },
  "21110": {
    "municipio": "Mexicali",
    "colonias": [
      "Eligio Esquivel",
      "Fronteriza",
      "Revolución",
      "Santa Clara"
    ]
  },
  "21120": {
    "municipio": "Mexicali",
    "colonias": [
      "Pueblo Nuevo",
      "Río Nuevo"
    ]
  },
  "21130": {
    "municipio": "Mexicali",
    "colonias": [
      "Baja California",
      "Orizaba"
    ]
  },
  "21135": {
    "municipio": "Mexicali",
    "colonias": [
      "Desarrollo Urbano Orizaba Sur",
      "Hacienda de Mexicali",
      "Haciendas Orizaba",
      "Las Magdalenas",
      "Las Palmeras",
      "Los Faisanes",
      "Los Olivos",
      "Mártires de La Democracia",
      "Palmar de Orizaba",
      "Sindicalista",
      "Sol del Amanecer"
    ]
  },
  "21137": {
    "municipio": "Mexicali",
    "colonias": [
      "Ampliación Lucerna",
      "Aztecas",
      "Cachanilla",
      "Carlos Salinas",
      "El Colonial",
      "Ladrilleros Santa Isabel",
      "Lucerna",
      "Luis Donaldo Colosio",
      "Mayos",
      "Misión de San Antonio",
      "Misión de San Diego de Alcalá",
      "Misión de San Francisco Javier",
      "Misión de San Ignacio",
      "Oscar Garzón",
      "Real del Río",
      "Real del Río Residencial 2da Sección",
      "San Martín Caballero",
      "San Miguel",
      "San Miguel 2da Etapa",
      "Villa del Campo",
      "Villas Coahuila",
      "Villas Galicia",
      "Villas del Paraíso"
    ]
  },
  "21138": {
    "municipio": "Mexicali",
    "colonias": [
      "Ampliación Refugio",
      "El Coloso",
      "El Coloso II",
      "El Paraíso",
      "El Refugio",
      "La Luna",
      "Los Milagros",
      "Los Viñedos",
      "Misión Viejo",
      "San Clemente",
      "San Jacinto",
      "Torremolinos",
      "Valle de las Misiones",
      "Valle de los Ángeles"
    ]
  },
  "21139": {
    "municipio": "Mexicali",
    "colonias": [
      "Ampliación Centinela",
      "El Sauce",
      "Gabriela Mistral",
      "La Estrella",
      "Las Reinas",
      "Nuevo Santa Lucia",
      "Popular Centinela",
      "San Carlos",
      "San José",
      "San Pablo",
      "Santa Isabel",
      "Santa Lorena"
    ]
  },
  "21140": {
    "municipio": "Mexicali",
    "colonias": [
      "Condominio Esperanza Agrícola",
      "Esperanza",
      "Loma Linda",
      "Parcela 36"
    ]
  },
  "21147": {
    "municipio": "Mexicali",
    "colonias": [
      "Bordo Wisteria"
    ]
  },
  "21150": {
    "municipio": "Mexicali",
    "colonias": [
      "Barrio Álamo",
      "Bellavista",
      "Cachanilla",
      "Eguia",
      "Héctor Corella",
      "Jabonera",
      "Mexicali Tianguis",
      "Pasadina",
      "San Isidro",
      "Villa Dorada",
      "Villas California"
    ]
  },
  "21160": {
    "municipio": "Mexicali",
    "colonias": [
      "CCI Ejidatarios",
      "Ejido Orizaba",
      "Gasca",
      "Municipio Libre",
      "Orizaba",
      "San Luis",
      "Santa Bárbara",
      "Simental"
    ]
  },
  "21165": {
    "municipio": "Mexicali",
    "colonias": [
      "Popular Nacionalistas"
    ]
  },
  "21170": {
    "municipio": "Mexicali",
    "colonias": [
      "27 de Septiembre",
      "Militar"
    ]
  },
  "21178": {
    "municipio": "Mexicali",
    "colonias": [
      "Electricistas"
    ]
  },
  "21179": {
    "municipio": "Mexicali",
    "colonias": [
      "Martha Welch"
    ]
  },
  "21180": {
    "municipio": "Mexicali",
    "colonias": [
      "Universitario",
      "Villafontana"
    ]
  },
  "21185": {
    "municipio": "Mexicali",
    "colonias": [
      "El Papago INFONAVIT",
      "El Porvenir",
      "Francisco Zarco"
    ]
  },
  "21188": {
    "municipio": "Mexicali",
    "colonias": [
      "Ampliación Progreso",
      "Las Palomas",
      "Mediterráneo",
      "Misión Virreyes",
      "Progreso",
      "Puesta de Sol Residencial",
      "Residencial San Francisco",
      "Solidaridad INFONAVIT",
      "Solidaridad INFONAVIT II"
    ]
  },
  "21190": {
    "municipio": "Mexicali",
    "colonias": [
      "Ampliación Popular Santo Niño",
      "Gigantes del Desierto",
      "Granjas Virreyes",
      "Hermanos Fuentes",
      "Huertas de La Progreso",
      "Real Virreyes",
      "Residencial San Andrés",
      "Santo Niño",
      "Viñas del Sol"
    ]
  },
  "21200": {
    "municipio": "Mexicali",
    "colonias": [
      "Cuauhtémoc Norte",
      "Cuauhtémoc Sur"
    ]
  },
  "21210": {
    "municipio": "Mexicali",
    "colonias": [
      "Alamitos",
      "Estatutos Jurídicos",
      "Pimsa I",
      "Prolongación Alamitos",
      "Residencial Argentina",
      "San Gabriel",
      "Sonora"
    ]
  },
  "21215": {
    "municipio": "Mexicali",
    "colonias": [
      "Alameda"
    ]
  },
  "21216": {
    "municipio": "Mexicali",
    "colonias": [
      "Las Hadas"
    ]
  },
  "21217": {
    "municipio": "Mexicali",
    "colonias": [
      "Andalucía"
    ]
  },
  "21218": {
    "municipio": "Mexicali",
    "colonias": [
      "Compuertas"
    ]
  },
  "21219": {
    "municipio": "Mexicali",
    "colonias": [
      "Residencial Hípico"
    ]
  },
  "21220": {
    "municipio": "Mexicali",
    "colonias": [
      "Armando Gutiérrez",
      "Corregidora",
      "El Porvenir",
      "Flores Magón",
      "Hega",
      "Imperial",
      "Josefa Ortiz de Domínguez"
    ]
  },
  "21224": {
    "municipio": "Mexicali",
    "colonias": [
      "Nuevo Ideal"
    ]
  },
  "21225": {
    "municipio": "Mexicali",
    "colonias": [
      "Calzada",
      "Cerrada del Sol",
      "Cumbres Provenza",
      "Privada Vistahermosa",
      "Reserva Residencial",
      "Residencial Marsella",
      "Valle de Álamo",
      "Veredas del Sol"
    ]
  },
  "21226": {
    "municipio": "Mexicali",
    "colonias": [
      "Aurea Residencial",
      "Duara Residencial"
    ]
  },
  "21229": {
    "municipio": "Mexicali",
    "colonias": [
      "Aduana Garita 2",
      "Alianza Para La Producción",
      "Las Garzas",
      "PIMSA IV",
      "Parque Industrial Álamo"
    ]
  },
  "21230": {
    "municipio": "Mexicali",
    "colonias": [
      "Aviación",
      "Justo Sierra",
      "La Escondida",
      "Las Fuentes",
      "Los Pinos",
      "Periodista",
      "Unidad Patria"
    ]
  },
  "21239": {
    "municipio": "Mexicali",
    "colonias": [
      "Ciudad Deportiva"
    ]
  },
  "21240": {
    "municipio": "Mexicali",
    "colonias": [
      "Cataviña",
      "Prohogar",
      "Santa Maria",
      "Vista Hermosa"
    ]
  },
  "21250": {
    "municipio": "Mexicali",
    "colonias": [
      "Benito Juárez",
      "Constitución",
      "Miraflores",
      "Mártires de 1906",
      "República Mexicana",
      "Residencial el Lienzo",
      "Roma"
    ]
  },
  "21254": {
    "municipio": "Mexicali",
    "colonias": [
      "Ampliación Parque Industrial Ex-XXI",
      "Hacienda Bilbao",
      "Parque Industrial Calafia",
      "Parque Industrial Ex-XXI",
      "Privada San Miguel",
      "Real del Sol",
      "Residencial Coronado",
      "Residencial San Sebastián",
      "San Pedro Residencial",
      "San Pedro Residencial Segunda Sección",
      "Versalles Residencial"
    ]
  },
  "21255": {
    "municipio": "Mexicali",
    "colonias": [
      "Antares Residencial",
      "Balboa Residencial",
      "Montecarlo",
      "Montecarlo 2a Sección",
      "Montecarlo 3a Sección",
      "Puerta de Hierro",
      "Residencial Casa Maya",
      "Residencial Casa Maya II",
      "Residencial Puerta de Alcalá",
      "Villas San Ángel"
    ]
  },
  "21257": {
    "municipio": "Mexicali",
    "colonias": [
      "Misión de Loreto"
    ]
  },
  "21258": {
    "municipio": "Mexicali",
    "colonias": [
      "El Lienzo",
      "La Jolla"
    ]
  },
  "21259": {
    "municipio": "Mexicali",
    "colonias": [
      "Rivera"
    ]
  },
  "21260": {
    "municipio": "Mexicali",
    "colonias": [
      "1 de Diciembre",
      "Ampliación las Fuentes",
      "Chapultepec los Pinos"
    ]
  },
  "21270": {
    "municipio": "Mexicali",
    "colonias": [
      "Jardines del Valle",
      "Santa Rosalía",
      "Santa Teresa",
      "Vallarta"
    ]
  },
  "21279": {
    "municipio": "Mexicali",
    "colonias": [
      "Plaza Universidad"
    ]
  },
  "21280": {
    "municipio": "Mexicali",
    "colonias": [
      "Insurgentes Este",
      "Insurgentes Oeste",
      "Maestros Estatales",
      "Reforma",
      "Residencias"
    ]
  },
  "21285": {
    "municipio": "Mexicali",
    "colonias": [
      "Residencias Imperiales"
    ]
  },
  "21289": {
    "municipio": "Mexicali",
    "colonias": [
      "Universidad Autónoma Baja California"
    ]
  },
  "21290": {
    "municipio": "Mexicali",
    "colonias": [
      "Ampliación Independencia",
      "Independencia"
    ]
  },
  "21297": {
    "municipio": "Mexicali",
    "colonias": [
      "Hacienda de Lourdes",
      "Las Delicias",
      "San Fernando",
      "Santa Fe",
      "Villas Cachanillas",
      "Villas del Rosario"
    ]
  },
  "21298": {
    "municipio": "Mexicali",
    "colonias": [
      "Bordo la Rivera",
      "Burócratas Federales",
      "Hacienda el Pilar",
      "Los Reyes",
      "Maestros Democráticos de La Base",
      "Misión San Adrian",
      "Misión de San Andrés",
      "Misión de Santo Domingo",
      "Misión de Santo Domingo Ampliación",
      "Privada Rústica",
      "Residencial Los Ángeles",
      "San Jerónimo",
      "Villa Colonial"
    ]
  },
  "21299": {
    "municipio": "Mexicali",
    "colonias": [
      "De ANSA",
      "Misión de Guadalupe"
    ]
  },
  "21300": {
    "municipio": "Mexicali",
    "colonias": [
      "División del Norte"
    ]
  },
  "21307": {
    "municipio": "Mexicali",
    "colonias": [
      "Villanova"
    ]
  },
  "21309": {
    "municipio": "Mexicali",
    "colonias": [
      "Parcela 62",
      "Villas del Real"
    ]
  },
  "21310": {
    "municipio": "Mexicali",
    "colonias": [
      "Morelos"
    ]
  },
  "21320": {
    "municipio": "Mexicali",
    "colonias": [
      "Camino Viejo",
      "Esteban Cantú",
      "Felipe Ángeles",
      "Generales de México",
      "Joaquín Murrieta",
      "Lucio Blanco",
      "Madeira Residencia",
      "Pedro Moreno",
      "Vicente Guerrero"
    ]
  },
  "21323": {
    "municipio": "Mexicali",
    "colonias": [
      "Casa Digna",
      "Hacienda La Encantada",
      "Pacífica Residencial",
      "Reacomodo San Fernando",
      "Residencial Barcelona",
      "Residencial Barcelona II",
      "Residencial Barcelona III",
      "San Fernando Regularización Corett",
      "Valle de La Plata",
      "Voluntad"
    ]
  },
  "21324": {
    "municipio": "Mexicali",
    "colonias": [
      "Reacomodo Río Colorado",
      "Zaragoza"
    ]
  },
  "21325": {
    "municipio": "Mexicali",
    "colonias": [
      "Cucapah Progreso",
      "Valle del Diamante",
      "Zona Progreso"
    ]
  },
  "21326": {
    "municipio": "Mexicali",
    "colonias": [
      "Ampliación Santa Lucia Progreso",
      "Ciudad del Sol",
      "Finca Los Jazminez",
      "Jardines de La Progreso",
      "Pioneros de La Progreso",
      "Progreso",
      "Rivera de la Progreso",
      "Valle del Progreso",
      "Villa de Alarcón",
      "Villa de Alarcón Segunda Etapa"
    ]
  },
  "21327": {
    "municipio": "Mexicali",
    "colonias": [
      "Fundadores",
      "Hacienda de Castilla",
      "Hacienda de las Torres",
      "Hacienda de los Portales",
      "Hacienda de los Portales 2da Sección",
      "Hacienda de los Portales 3a Sección",
      "Hacienda de los Portales 4a Sección",
      "Hacienda de los Portales 5a Sección",
      "Mezquital"
    ]
  },
  "21330": {
    "municipio": "Mexicali",
    "colonias": [
      "Adolfo López Mateos",
      "Jardines del Lago",
      "Las Flores",
      "Popular 6 de Enero"
    ]
  },
  "21337": {
    "municipio": "Mexicali",
    "colonias": [
      "Televisora"
    ]
  },
  "21339": {
    "municipio": "Mexicali",
    "colonias": [
      "Ampliación Jardines del Lago",
      "Santa Mónica"
    ]
  },
  "21340": {
    "municipio": "Mexicali",
    "colonias": [
      "Aurora",
      "Cucapah INFONAVIT",
      "Monte Alban"
    ]
  },
  "21350": {
    "municipio": "Mexicali",
    "colonias": [
      "Conjunto Urbano Esperanza",
      "Gómez Farías",
      "Santa Cecilia"
    ]
  },
  "21353": {
    "municipio": "Mexicali",
    "colonias": [
      "Ampliación Xichicalli",
      "California",
      "El Campanario",
      "Gran Venecia",
      "Hacienda Real",
      "Hacienda del Real",
      "Juventud Deportiva 2000",
      "Lago de Xochimilco",
      "Paseos de Xochimilco",
      "Residencial Madrid",
      "Residencial Madrid 2a Sección",
      "Terrazas del Sol",
      "Villa Esperanza 2000",
      "Villa Residencial Venecia",
      "Villa Residencial Venecia 2da Etapa",
      "Villa del Rey Tercera Etapa",
      "Xochicalli"
    ]
  },
  "21354": {
    "municipio": "Mexicali",
    "colonias": [
      "Casa Magna",
      "Gran Hacienda",
      "Paseo las Flores",
      "Villa del Rey Cuarta Etapa",
      "Villa del Rey Primera Etapa",
      "Villa del Rey Segunda Etapa"
    ]
  },
  "21355": {
    "municipio": "Mexicali",
    "colonias": [
      "Buenos Aires",
      "Hacienda del Bosque",
      "Quinta Granada",
      "Quinta Roma (Quinta Córdova)",
      "Quinta del Rey",
      "Residencial Quinta del Rey 2a Etapa",
      "Residencial Quinta del Rey 3era. Etapa",
      "Villa Lomas Altas",
      "Villa Lomas Altas 2a Secc.",
      "Villa Lomas Altas 3era. Sección",
      "Villa Margarita Residencial",
      "Villa Residencial del Prado",
      "Villa Residencial del Prado Segunda Etapa",
      "Villa del Rey Quinta Etapa",
      "Villa las Lomas",
      "Zona Urbana del Ejido Xochimilco"
    ]
  },
  "21356": {
    "municipio": "Mexicali",
    "colonias": [
      "Villa del Sol INFONAVIT"
    ]
  },
  "21360": {
    "municipio": "Mexicali",
    "colonias": [
      "Ex Ejido Coahuila",
      "Las Palmas",
      "Margaritas",
      "Privada Coahuila",
      "Sanchez Taboada"
    ]
  },
  "21370": {
    "municipio": "Mexicali",
    "colonias": [
      "Carbajal",
      "Lázaro Cárdenas",
      "Privada Juárez",
      "Profesores Federales"
    ]
  },
  "21376": {
    "municipio": "Mexicali",
    "colonias": [
      "Bosque del Sol",
      "Cerrada Abedul",
      "Coral Maya",
      "Gran Segovia",
      "Hacienda Dorada",
      "Mayakhan Residencial",
      "Misión del Valle",
      "Palmar de Santa Anita",
      "Plutarco Elías Calles",
      "Puerta del Sol",
      "Puerta del Sol 2da Etapa",
      "Residencial Segovia",
      "Rivera Maya Residencial",
      "Terrazas del Valle",
      "Verona",
      "Villas del Valle"
    ]
  },
  "21378": {
    "municipio": "Mexicali",
    "colonias": [
      "Adara Residencial",
      "La Toscana Residencial",
      "Lomas de Abasolo",
      "Nuevo Amanecer",
      "Residencial Sevilla 2a Sección",
      "Saturno (Abasolo)",
      "Sevilla",
      "Sombras Jery",
      "Villa del Cedro",
      "Villas del Palmar"
    ]
  },
  "21379": {
    "municipio": "Mexicali",
    "colonias": [
      "Ampliación San Vizcaíno",
      "El Maple",
      "El Sauzal",
      "Hacienda Málaga",
      "IMSS Siglo XXI",
      "Jardines de La Arboleda",
      "La Antigua",
      "La Bodega ISSSTE",
      "Las Bugambilias Inn",
      "Las Misiones",
      "Los Prados",
      "Los Álamos",
      "Misión San Vizcaíno",
      "Misión de San Carlos",
      "Padre Kino",
      "Rancho La Bodega",
      "Real del Castillo",
      "Residencial Ibiza",
      "Residencial Quinta del Centro",
      "Santa Lucia",
      "Santa Veronica",
      "Sol de Reyes",
      "Valle Delicias",
      "Villa Bonita",
      "Vista del Llano"
    ]
  },
  "21380": {
    "municipio": "Mexicali",
    "colonias": [
      "Justo Sierra",
      "Xochimilco"
    ]
  },
  "21383": {
    "municipio": "Mexicali",
    "colonias": [
      "Colorado",
      "Dos División Dos",
      "Parque Industrial Nelson II",
      "Parque Industrial el Dorado",
      "Privadas Campestre",
      "San Andrés",
      "Unión de Residentes Lázaro Cárdenas"
    ]
  },
  "21384": {
    "municipio": "Mexicali",
    "colonias": [
      "El Ciprés",
      "El Roble",
      "El Robledo",
      "Emiliano Zapata",
      "Huertas del Colorado",
      "Los Encinos"
    ]
  },
  "21385": {
    "municipio": "Mexicali",
    "colonias": [
      "Cachanilla",
      "El Vigía II",
      "Marán",
      "Palaco",
      "Parque Industrial Cucapah",
      "Parque Industrial Quazar",
      "Satélite",
      "Unidad Industrial Paccar México",
      "Visión"
    ]
  },
  "21386": {
    "municipio": "Mexicali",
    "colonias": [
      "Ecológicas Campestre",
      "El Dorado",
      "Francisco I. Madero",
      "Granjas Santa Cecilia",
      "Granjas Valle Verde",
      "Río Hardy"
    ]
  },
  "21387": {
    "municipio": "Mexicali",
    "colonias": [
      "5 de Julio",
      "Ampliación Solidaridad Social",
      "Camino del Sur",
      "Caminos del Sol",
      "Diego Bustamante",
      "Jardines de Calafia",
      "La Ventana Residencial",
      "Ladrillera Campestre",
      "Lago del Sol Residencial",
      "Laguna Campestre",
      "Los Naranjos",
      "Misión del Ángel",
      "Nuevo Milenio",
      "Popular Leandro Valle",
      "Pórticos del Valle",
      "Rivera Campestre",
      "Solidaridad Social",
      "Vista del Valle"
    ]
  },
  "21389": {
    "municipio": "Mexicali",
    "colonias": [
      "Hidalgo",
      "Privada Marbella",
      "Veneto Residencial",
      "Villa Mediterránea"
    ]
  },
  "21390": {
    "municipio": "Mexicali",
    "colonias": [
      "Francisco I Madero",
      "Granjas Nuevas",
      "Haro Barnet",
      "Ignacio Allende",
      "Nueva 18 de Marzo"
    ]
  },
  "21393": {
    "municipio": "Mexicali",
    "colonias": [
      "Sesvania"
    ]
  },
  "21394": {
    "municipio": "Mexicali",
    "colonias": [
      "Las Californias",
      "Solidaridad Mexicali",
      "Venustiano Carranza"
    ]
  },
  "21395": {
    "municipio": "Mexicali",
    "colonias": [
      "Altaria Residencial",
      "Ampliación Bugambilias",
      "Ampliación Villa Florida",
      "Bonaterra Residencial",
      "Bugambilias",
      "Cantera Residencial",
      "Casa Blanca",
      "Central de Abastos de Mexicali",
      "Diez División Dos",
      "El Cóndor",
      "El Sahuaro",
      "Hacienda del Sol",
      "Huertas del Sol",
      "La Condesa",
      "Ladrillera",
      "Las Aves",
      "Los Balcones",
      "Mexicali II",
      "Monarcas Residencial",
      "Nelson",
      "Parajes de Oriente",
      "Parajes de Puebla",
      "Parque Industrial del Desierto",
      "Pedregal Turquesa",
      "Pimsa III",
      "Praderas del Sol",
      "Quinta Alcázar de Toledo",
      "Residencial Natura",
      "Residencial del Río",
      "Santa Fe",
      "Santa Sofía",
      "Sol de Puebla",
      "Terra Residencial",
      "Unidad Pioneros",
      "Valle de Puebla",
      "Valle del Colorado",
      "Valle del Pedregal",
      "Victoria Residencial",
      "Villa Flor",
      "Villa Florida",
      "Villa Toledo",
      "Villa Verde",
      "Villa de Cortés",
      "Villa del Roble",
      "Villas del Colorado"
    ]
  },
  "21396": {
    "municipio": "Mexicali",
    "colonias": [
      "Frontera",
      "González Ortega Norte",
      "Mexicali",
      "Mirasol",
      "Santa Cruz"
    ]
  },
  "21397": {
    "municipio": "Mexicali",
    "colonias": [
      "El Vigía",
      "González Ortega",
      "Pimsa II",
      "Santa Rosa"
    ]
  },
  "21398": {
    "municipio": "Mexicali",
    "colonias": [
      "González Ortega Poniente 1",
      "Raza"
    ]
  },
  "21399": {
    "municipio": "Mexicali",
    "colonias": [
      "1 de Mayo",
      "Casas Eternas",
      "Centro Comercial Nuevo Mexicali",
      "Elizaura",
      "Eucaliptos",
      "González Ortega Poniente 2",
      "González Ortega Poniente 3",
      "Hacienda del Río",
      "La Enramada",
      "Los Laureles",
      "Mexicali del Sol",
      "Nuevo Mexicali",
      "Orquídea",
      "Paseos del Sol",
      "Punta de Estrella",
      "San Esteban",
      "Tavizan Silva",
      "Valle Dorado",
      "Villas de La República",
      "Vivienda Magisterial"
    ]
  },
  "21400": {
    "municipio": "Tecate",
    "colonias": [
      "Tecate Centro"
    ]
  },
  "21410": {
    "municipio": "Tecate",
    "colonias": [
      "Espinoza",
      "Prohogar",
      "Romero"
    ]
  },
  "21420": {
    "municipio": "Tecate",
    "colonias": [
      "Esteban Cantú",
      "Pliego"
    ]
  },
  "21430": {
    "municipio": "Tecate",
    "colonias": [
      "1 de Mayo",
      "Aldrete",
      "Arroyo Residencial",
      "Industrial",
      "Libertad"
    ]
  },
  "21432": {
    "municipio": "Tecate",
    "colonias": [
      "Andalucía",
      "Sandoval",
      "Tecate"
    ]
  },
  "21433": {
    "municipio": "Tecate",
    "colonias": [
      "San José"
    ]
  },
  "21440": {
    "municipio": "Tecate",
    "colonias": [
      "Bella Vista",
      "Carreño",
      "Chávez",
      "El Escorial",
      "El Refugio",
      "Encanto Sur",
      "Palmillas",
      "San Miguel"
    ]
  },
  "21442": {
    "municipio": "Tecate",
    "colonias": [
      "Rancho Santa Fe"
    ]
  },
  "21447": {
    "municipio": "Tecate",
    "colonias": [
      "Encanto Norte",
      "Laderas de Tecate",
      "Lomitas del Cuchuma",
      "Rancho Gandul"
    ]
  },
  "21448": {
    "municipio": "Tecate",
    "colonias": [
      "La Hacienda"
    ]
  },
  "21449": {
    "municipio": "Tecate",
    "colonias": [
      "Ampliación Colinas de Cuchuma",
      "Colinas de Cuchuma",
      "Solidaridad"
    ]
  },
  "21450": {
    "municipio": "Tecate",
    "colonias": [
      "Downey",
      "Federal",
      "González",
      "INFONAVIT Canaima",
      "Moderna",
      "Zorrilla"
    ]
  },
  "21452": {
    "municipio": "Tecate",
    "colonias": [
      "Escudero",
      "Francisco Villa",
      "Rinconada Escudero",
      "Rincón Tecate",
      "Rincón Tecate 2a Sección",
      "Rincón Tecate 3a Etapa",
      "Trece Ayuntamiento"
    ]
  },
  "21453": {
    "municipio": "Tecate",
    "colonias": [
      "Bicentenario",
      "El Escorial",
      "El Tepeyac",
      "Ilusión",
      "Lomas de Santa Anita",
      "Lomas de Santa Fe",
      "Piedra Angular (Las Torres)",
      "Santa Anita"
    ]
  },
  "21460": {
    "municipio": "Tecate",
    "colonias": [
      "El Pedregal",
      "Emiliano Zapata",
      "Jardines del Pedregal",
      "La Viñita",
      "Morelos",
      "San Fernando",
      "Valencia"
    ]
  },
  "21462": {
    "municipio": "Tecate",
    "colonias": [
      "Miguel Alemán"
    ]
  },
  "21470": {
    "municipio": "Tecate",
    "colonias": [
      "Cuauhtémoc Este",
      "Cuauhtémoc Oeste",
      "Guajardo",
      "INFONAVIT Industrial",
      "Militar"
    ]
  },
  "21472": {
    "municipio": "Tecate",
    "colonias": [
      "Ampliación Descanso",
      "El Capiri",
      "El Mirador",
      "Luis Donaldo Colosio",
      "Popular Emiliano Zapata",
      "Valle Verde"
    ]
  },
  "21477": {
    "municipio": "Tecate",
    "colonias": [
      "El Yaqui",
      "La Sierra"
    ]
  },
  "21478": {
    "municipio": "Tecate",
    "colonias": [
      "Cucapah",
      "El Descanso",
      "El Mayab",
      "FOVISSSTE",
      "Fundadores",
      "Jardines del Río",
      "Terrazas del Río"
    ]
  },
  "21479": {
    "municipio": "Tecate",
    "colonias": [
      "Las Huertas"
    ]
  },
  "21480": {
    "municipio": "Tecate",
    "colonias": [
      "Benito Juárez",
      "Braulio Maldonado",
      "INFONAVIT Loma Alta",
      "La Bondad",
      "Loma Alta",
      "Loma Alta II",
      "Residencial San Jorge"
    ]
  },
  "21482": {
    "municipio": "Tecate",
    "colonias": [
      "Maclovio Herrera (Colonia Aviación)",
      "Quinta María Luisa"
    ]
  },
  "21483": {
    "municipio": "Tecate",
    "colonias": [
      "El Mirador",
      "Moctezuma"
    ]
  },
  "21484": {
    "municipio": "Tecate",
    "colonias": [
      "Salamandra"
    ]
  },
  "21485": {
    "municipio": "Tecate",
    "colonias": [
      "Paraíso"
    ]
  },
  "21490": {
    "municipio": "Tecate",
    "colonias": [
      "Lázaro Cárdenas"
    ]
  },
  "21496": {
    "municipio": "Tecate",
    "colonias": [
      "Alfonso Garzón"
    ]
  },
  "21500": {
    "municipio": "Tecate",
    "colonias": [
      "Ampliación Valle de las Palmas",
      "Ramos",
      "Rancho Viejo",
      "Valle de las Palmas"
    ]
  },
  "21503": {
    "municipio": "Tecate",
    "colonias": [
      "Cañada Verde",
      "El Bajío",
      "El Nevado",
      "El Paraíso (El Capiro)",
      "Parque Industrial El Bajío",
      "Paso del Águila"
    ]
  },
  "21505": {
    "municipio": "Tecate",
    "colonias": [
      "Luis Echeverría Álvarez (El Hongo)"
    ]
  },
  "21506": {
    "municipio": "Tecate",
    "colonias": [
      "Banchetti",
      "El Encinal",
      "Loma Tova"
    ]
  },
  "21507": {
    "municipio": "Tecate",
    "colonias": [
      "General Felipe Ángeles",
      "Mi Ranchito (Chula Vista)",
      "Nueva Colonia Hindú",
      "Unanua",
      "Villas Campestre"
    ]
  },
  "21508": {
    "municipio": "Tecate",
    "colonias": [
      "Ciénega Redonda",
      "Club Campestre Eréndira",
      "El Paraíso (Baja California)"
    ]
  },
  "21510": {
    "municipio": "Tecate",
    "colonias": [
      "La Rumorosa"
    ]
  },
  "21511": {
    "municipio": "Tecate",
    "colonias": [
      "Jacume"
    ]
  },
  "21514": {
    "municipio": "Tecate",
    "colonias": [
      "Jardines del Rincón"
    ]
  },
  "21517": {
    "municipio": "Tecate",
    "colonias": [
      "San Francisco"
    ]
  },
  "21519": {
    "municipio": "Tecate",
    "colonias": [
      "Cereso del Hongo"
    ]
  },
  "21520": {
    "municipio": "Tecate",
    "colonias": [
      "La Puerta"
    ]
  },
  "21530": {
    "municipio": "Tecate",
    "colonias": [
      "Dos Cumbres",
      "Hacienda Tecate",
      "San Pablo"
    ]
  },
  "21536": {
    "municipio": "Tecate",
    "colonias": [
      "Los Laureles"
    ]
  },
  "21550": {
    "municipio": "Tecate",
    "colonias": [
      "Neji Sección B"
    ]
  },
  "21553": {
    "municipio": "Tecate",
    "colonias": [
      "Santa Verónica"
    ]
  },
  "21570": {
    "municipio": "Tecate",
    "colonias": [
      "Carmen Serdán",
      "El Fresno",
      "El Testerazo"
    ]
  },
  "21573": {
    "municipio": "Tecate",
    "colonias": [
      "Guadalajara Dos (El Gato)"
    ]
  },
  "21600": {
    "municipio": "Mexicali",
    "colonias": [
      "Bugambilias Jardines",
      "Castro",
      "Granjas Arco Iris",
      "Herradura",
      "Islas Agrarias A",
      "Islas Agrarias B",
      "Jardines de Loreto",
      "Jardines de Mendoza",
      "La Rioja",
      "Los Manantiales",
      "Mariano Abasolo",
      "Nuevo Milenio",
      "Rivera",
      "San Agustin de las Palmas"
    ]
  },
  "21603": {
    "municipio": "Mexicali",
    "colonias": [
      "Emiliano Zapata"
    ]
  },
  "21604": {
    "municipio": "Mexicali",
    "colonias": [
      "El Centinela"
    ]
  },
  "21607": {
    "municipio": "Mexicali",
    "colonias": [
      "NICOYA Desarrollo Industrial"
    ]
  },
  "21609": {
    "municipio": "Mexicali",
    "colonias": [
      "Mexicali (Gral. Rodolfo Sánchez Taboada)"
    ]
  },
  "21611": {
    "municipio": "Mexicali",
    "colonias": [
      "Ahumadita",
      "Heriberto Jara",
      "Heriberto Jara Sección Coronita"
    ]
  },
  "21613": {
    "municipio": "Mexicali",
    "colonias": [
      "Palo Verde"
    ]
  },
  "21614": {
    "municipio": "Mexicali",
    "colonias": [
      "El Chorizo (Colonia Colorado 1 Campo León 1)"
    ]
  },
  "21615": {
    "municipio": "Mexicali",
    "colonias": [
      "Campoleón",
      "El Choropo (Colonia Colorado Número Uno)",
      "La Ladrillera (Colorado Número Tres)"
    ]
  },
  "21620": {
    "municipio": "Mexicali",
    "colonias": [
      "El Peligro",
      "Hechicera",
      "Misión de Puebla",
      "Puebla",
      "Pólvora",
      "Querétaro",
      "Rincones de Puebla",
      "Rincones de Puebla Segunda Sección",
      "San Luis Potosí",
      "Sinaloa",
      "Ángeles de Puebla"
    ]
  },
  "21621": {
    "municipio": "Mexicali",
    "colonias": [
      "Castro"
    ]
  },
  "21624": {
    "municipio": "Mexicali",
    "colonias": [
      "Cuernavaca"
    ]
  },
  "21627": {
    "municipio": "Mexicali",
    "colonias": [
      "Jalisco"
    ]
  },
  "21628": {
    "municipio": "Mexicali",
    "colonias": [
      "Guanajuato"
    ]
  },
  "21700": {
    "municipio": "Mexicali",
    "colonias": [
      "Cerro Prieto 5",
      "Chihuahua",
      "Chimi",
      "Chorizo Morelia (Morelia)",
      "Delta (Estación Delta)",
      "Hidalgo",
      "Jalapa",
      "La Flor",
      "Michoacán de Ocampo",
      "Morelia",
      "Nayarit"
    ]
  },
  "21703": {
    "municipio": "Mexicali",
    "colonias": [
      "4 Cerro Prieto (Rancho el Roa)",
      "Benito Juárez",
      "Cerro Prieto 2",
      "Cerro Prieto 4",
      "El Encanto",
      "Hipólito Rentería",
      "Jesús Sansón Flores",
      "Pacífico"
    ]
  },
  "21704": {
    "municipio": "Mexicali",
    "colonias": [
      "El Chorizo",
      "Saltillo"
    ]
  },
  "21705": {
    "municipio": "Mexicali",
    "colonias": [
      "Nuevo León"
    ]
  },
  "21706": {
    "municipio": "Mexicali",
    "colonias": [
      "Compuerta 29 (Veracruz Marítimo)",
      "Pátzcuaro",
      "Vicente Guerrero"
    ]
  },
  "21710": {
    "municipio": "Mexicali",
    "colonias": [
      "Estación Pescaderos (Kilómetro Treinta y Nueve)"
    ]
  },
  "21713": {
    "municipio": "Mexicali",
    "colonias": [
      "Primavera"
    ]
  },
  "21720": {
    "municipio": "Mexicali",
    "colonias": [
      "Del Sol",
      "Guadalupe Victoria",
      "Indeco",
      "Nicolás Bravo",
      "Parcela del Valle",
      "Tlaxcala",
      "Valle Nuevo",
      "Valle de Guadalupe",
      "Veracruz Uno"
    ]
  },
  "21722": {
    "municipio": "Mexicali",
    "colonias": [
      "Gral. Francisco Murguía (Km. 49)"
    ]
  },
  "21723": {
    "municipio": "Mexicali",
    "colonias": [
      "Alfredo V. Bonfil",
      "Benito Juárez",
      "Campo Otta (Elías)",
      "Chapultepec",
      "Galván el Chorizo (Elías)",
      "Madero",
      "San Martín (Elías Lote Trece)",
      "Zona del Canal (Chapultepéc)"
    ]
  },
  "21725": {
    "municipio": "Mexicali",
    "colonias": [
      "Hidalgo (González Ortega Dos)"
    ]
  },
  "21730": {
    "municipio": "Mexicali",
    "colonias": [
      "Alberto Oviedo Mota",
      "Cucapah (Mestizos)",
      "Cucapah Indígena",
      "El Faro",
      "El Marítimo",
      "La Puerta",
      "Las Palmas",
      "Licenciado Adolfo López Mateos",
      "Renacimiento del Valle"
    ]
  },
  "21731": {
    "municipio": "Mexicali",
    "colonias": [
      "Jesús González Ortega",
      "José López Portillo (Venustiano Carranza)",
      "La División (Venustiano Carranza)",
      "La Mariana",
      "Ricardo Mazón Guerrero"
    ]
  },
  "21735": {
    "municipio": "Mexicali",
    "colonias": [
      "Durango"
    ]
  },
  "21738": {
    "municipio": "Mexicali",
    "colonias": [
      "Sonora"
    ]
  },
  "21740": {
    "municipio": "Mexicali",
    "colonias": [
      "El Caimán",
      "Independencia"
    ]
  },
  "21742": {
    "municipio": "Mexicali",
    "colonias": [
      "Alvarado",
      "Comunidad Indígena Cucapah el Mayor",
      "Terrenos Indios"
    ]
  },
  "21743": {
    "municipio": "Mexicali",
    "colonias": [
      "Carrancita (Venustiano Carranza)",
      "Leona Vicario",
      "Venustiano Carranza Margen Izq (La Carrancita)"
    ]
  },
  "21800": {
    "municipio": "Mexicali",
    "colonias": [
      "Campo la Curva (Silva)",
      "Hindúes",
      "La 21 (Silva)",
      "Nacay (Elías)",
      "Silva",
      "Venustiano Carranza (Estación Coahuila Km. 57)"
    ]
  },
  "21801": {
    "municipio": "Mexicali",
    "colonias": [
      "Del Bosque",
      "El Milagro",
      "Héroes de la Patria",
      "Plan de Ayala"
    ]
  },
  "21802": {
    "municipio": "Mexicali",
    "colonias": [
      "Cauces Federales",
      "Sombrerete"
    ]
  },
  "21810": {
    "municipio": "Mexicali",
    "colonias": [
      "Doctor Alberto Oviedo Mota (El Indiviso)"
    ]
  },
  "21813": {
    "municipio": "Mexicali",
    "colonias": [
      "Luis Encinas Johnson"
    ]
  },
  "21820": {
    "municipio": "Mexicali",
    "colonias": [
      "Crucero del Toluca (Toluca)",
      "Francisco Santana Peralta",
      "Quintana Roo",
      "Rodríguez",
      "Toluca"
    ]
  },
  "21821": {
    "municipio": "Mexicali",
    "colonias": [
      "Compuerta la 24 (Silva)",
      "El Chorizo (Veracruz Dos)",
      "La Veinticuatro (Silva)",
      "Los Pinos (Silva)",
      "Lázaro Cárdenas (La Veintiocho)",
      "Veracruz Dos",
      "Zona del Canal (Veracruz Dos)"
    ]
  },
  "21830": {
    "municipio": "Mexicali",
    "colonias": [
      "Distrito Federal"
    ]
  },
  "21831": {
    "municipio": "Mexicali",
    "colonias": [
      "Chiapas"
    ]
  },
  "21832": {
    "municipio": "Mexicali",
    "colonias": [
      "Candelario Vela (Colima)",
      "Chiapas 3",
      "Chiapas Dos (Las Cachoras)",
      "Colima",
      "Colima Dos",
      "El Bordo (Chiapas)",
      "VIllarreal"
    ]
  },
  "21833": {
    "municipio": "Mexicali",
    "colonias": [
      "El Refugio (Silva el Ombligo)"
    ]
  },
  "21840": {
    "municipio": "Mexicali",
    "colonias": [
      "Hermosillo",
      "Pescaderos (Campo la Catorce)"
    ]
  },
  "21841": {
    "municipio": "Mexicali",
    "colonias": [
      "Mezquital"
    ]
  },
  "21843": {
    "municipio": "Mexicali",
    "colonias": [
      "El Malo (Tabasco)",
      "Ingenieros (Hermosillo)"
    ]
  },
  "21850": {
    "municipio": "Mexicali",
    "colonias": [
      "Ampliación Poniente",
      "Ampliación Segunda Sección",
      "Baja Marina",
      "Casimiro Alonso",
      "Club de Pesca",
      "Del Mar",
      "Guarnición Militar",
      "La Curva",
      "La Hacienda",
      "Las Dunas",
      "Las Misiones",
      "Los Arcos",
      "Los Gavilanes Sección 3",
      "Militar",
      "Montaña y Mar",
      "Naval San Felipe",
      "Nuevo San Felipe",
      "Plan Nacional Agrario",
      "Playas de San Felipe",
      "Porto Bello",
      "Primera Sección",
      "Real de San Felipe",
      "Recinto Portuario",
      "Segunda Sección",
      "Sterling (Francisco Villa)",
      "Verdugo",
      "Villa de las Palmas",
      "Villas San Francisco"
    ]
  },
  "21853": {
    "municipio": "Mexicali",
    "colonias": [
      "El Dorado (Ejido Plan Nacional Agrario)",
      "Los Viajeros (Plan Nacional Agrario)",
      "Palos Verdes Norte y Sur",
      "Rancho del Sol (El Dorado)",
      "Villa de Cortés"
    ]
  },
  "21854": {
    "municipio": "Mexicali",
    "colonias": [
      "Las Minitas"
    ]
  },
  "21855": {
    "municipio": "Mexicali",
    "colonias": [
      "La Morita (Ejido Tribu Kiliwas)"
    ]
  },
  "21900": {
    "municipio": "Mexicali",
    "colonias": [
      "Benito Juárez (Ejido Tecolotes)",
      "Jiquilpan",
      "México",
      "Tecolote Bataques"
    ]
  },
  "21902": {
    "municipio": "Mexicali",
    "colonias": [
      "Álvaro Obregón"
    ]
  },
  "21903": {
    "municipio": "Mexicali",
    "colonias": [
      "La Curva",
      "Piedras Negras"
    ]
  },
  "21904": {
    "municipio": "Mexicali",
    "colonias": [
      "Tehuantepec (Santa Rosa)"
    ]
  },
  "21905": {
    "municipio": "Mexicali",
    "colonias": [
      "El Chorizo",
      "Tabasco",
      "Villahermosa"
    ]
  },
  "21910": {
    "municipio": "Mexicali",
    "colonias": [
      "Irapuato",
      "Las Cumbres",
      "Lázaro Cárdenas",
      "Netzahualcóyotl",
      "Norte",
      "Tayjón (Yucatán)",
      "Yucatán"
    ]
  },
  "21911": {
    "municipio": "Mexicali",
    "colonias": [
      "Tamaulipas",
      "Tula"
    ]
  },
  "21912": {
    "municipio": "Mexicali",
    "colonias": [
      "Vulcano"
    ]
  },
  "21913": {
    "municipio": "Mexicali",
    "colonias": [
      "Compuertas Carejey (Carehey)",
      "Monterrey (Colonia Batáquez)"
    ]
  },
  "21920": {
    "municipio": "Mexicali",
    "colonias": [
      "Los Pérez",
      "Mérida",
      "Paredones"
    ]
  },
  "21921": {
    "municipio": "Mexicali",
    "colonias": [
      "Familia Mascareño",
      "Villa Hermosa"
    ]
  },
  "21925": {
    "municipio": "Mexicali",
    "colonias": [
      "Mesa Arenosa de Andrade (Villa Zapata)"
    ]
  },
  "21930": {
    "municipio": "Mexicali",
    "colonias": [
      "Miguel Alemán",
      "Puente Treviño"
    ]
  },
  "21950": {
    "municipio": "Mexicali",
    "colonias": [
      "Guadalajara",
      "Janitzio"
    ]
  },
  "21951": {
    "municipio": "Mexicali",
    "colonias": [
      "Janitzio",
      "La 27 (Campamento SARH Km. 27)"
    ]
  },
  "21960": {
    "municipio": "Mexicali",
    "colonias": [
      "27 de Enero",
      "Ciudad Morelos",
      "Ciudad Victoria",
      "Esquer (Colonia Orive de Alba)"
    ]
  },
  "21961": {
    "municipio": "Mexicali",
    "colonias": [
      "Campo Diecinueve",
      "La Quince (Tepic)",
      "Tepic"
    ]
  },
  "21963": {
    "municipio": "Mexicali",
    "colonias": [
      "Cuervitos",
      "José María Rodriguez",
      "Oribe Alba"
    ]
  },
  "21964": {
    "municipio": "Mexicali",
    "colonias": [
      "Granados (Recursos Hidráulicos)",
      "Leyes de Reforma",
      "Puente Calabazas"
    ]
  },
  "21965": {
    "municipio": "Mexicali",
    "colonias": [
      "Campo el Dieciocho (Morelos)"
    ]
  },
  "21966": {
    "municipio": "Mexicali",
    "colonias": [
      "Álamo"
    ]
  },
  "21970": {
    "municipio": "Mexicali",
    "colonias": [
      "Del Valle",
      "Dieguinos",
      "Francisco Santana Peralta",
      "General Gertrudis García Sánchez",
      "Ladrillera",
      "República Mexicana",
      "Vicente Guerrero (Algodones)"
    ]
  },
  "21980": {
    "municipio": "Mexicali",
    "colonias": [
      "5 de Mayo",
      "Bordo Okerson (Galeana)",
      "Pachuca"
    ]
  },
  "22000": {
    "municipio": "Tijuana",
    "colonias": [
      "Zona Centro",
      "Zona Este",
      "Zona Norte"
    ]
  },
  "22010": {
    "municipio": "Tijuana",
    "colonias": [
      "Cuauhtémoc",
      "Empleados Federales",
      "Zona Urbana Río Tijuana"
    ]
  },
  "22014": {
    "municipio": "Tijuana",
    "colonias": [
      "Agua Caliente Sección Pinos",
      "Aviación",
      "Escolar Agua Caliente"
    ]
  },
  "22015": {
    "municipio": "Tijuana",
    "colonias": [
      "Marrón",
      "Plan de Barranquitas",
      "Revolución"
    ]
  },
  "22020": {
    "municipio": "Tijuana",
    "colonias": [
      "Campo de Golf",
      "Chapultepec",
      "Chapultepec 10a Sección",
      "Chapultepec 8a Sección",
      "Chapultepec 9a Sección",
      "Chapultepec Este",
      "Hipódromo",
      "Neidhart",
      "Rincón Colonial Chapultepec"
    ]
  },
  "22024": {
    "municipio": "Tijuana",
    "colonias": [
      "Agua Caliente",
      "Hipódromo Agua Caliente",
      "Lomas de Agua Caliente",
      "Puerta de Hierro"
    ]
  },
  "22025": {
    "municipio": "Tijuana",
    "colonias": [
      "Colinas de Chapultepec",
      "Conjunto Residencial Cataviña",
      "Jardines de Chapultepec",
      "Lomas de Agua Caliente 1a Sección",
      "Privada Catalana",
      "Rancho el Grande",
      "San Jerónimo"
    ]
  },
  "22030": {
    "municipio": "Tijuana",
    "colonias": [
      "Burócrata Hipódromo",
      "Colinas de Agua Caliente",
      "Hacienda Agua Caliente",
      "Hacienda las Palomas",
      "La Remosa",
      "Lomas Hipódromo",
      "López Mateos"
    ]
  },
  "22034": {
    "municipio": "Tijuana",
    "colonias": [
      "Cañón Oasis",
      "El Bosque",
      "Herradura",
      "Jardines de Chapultepec S-E",
      "Lomas de Agua Caliente 5a Sección",
      "Lomas de Agua Caliente 6a Sección (Lomas Altas)",
      "Planetario",
      "Pueblo Bonito",
      "Villa Lomas",
      "Vista Dorada"
    ]
  },
  "22035": {
    "municipio": "Tijuana",
    "colonias": [
      "Cañón Primavera",
      "Cañón de La Pedrera",
      "Cañón de La Pedrera Este",
      "Herradura Sur"
    ]
  },
  "22040": {
    "municipio": "Tijuana",
    "colonias": [
      "Juárez",
      "Madero (Cacho)"
    ]
  },
  "22044": {
    "municipio": "Tijuana",
    "colonias": [
      "América",
      "Calete",
      "Dávila",
      "Gabilondo"
    ]
  },
  "22045": {
    "municipio": "Tijuana",
    "colonias": [
      "Chula Vista",
      "Cubillas",
      "Cubillas Sur",
      "Lomas Doctores (Chapultepec Doctores)"
    ]
  },
  "22046": {
    "municipio": "Tijuana",
    "colonias": [
      "Cumbres de Juárez",
      "Fundadores",
      "Guadalajara",
      "Laderas de Monterrey",
      "Madero Sur",
      "Monterrey",
      "Rincón Toscano"
    ]
  },
  "22050": {
    "municipio": "Tijuana",
    "colonias": [
      "Alemán",
      "Castillo"
    ]
  },
  "22054": {
    "municipio": "Tijuana",
    "colonias": [
      "Altamira",
      "Linda Vista",
      "Roma"
    ]
  },
  "22055": {
    "municipio": "Tijuana",
    "colonias": [
      "Altamira Sur",
      "Azcona",
      "Guerrero",
      "Independencia"
    ]
  },
  "22056": {
    "municipio": "Tijuana",
    "colonias": [
      "Hidalgo",
      "Morelos",
      "México"
    ]
  },
  "22100": {
    "municipio": "Tijuana",
    "colonias": [
      "20 de Noviembre",
      "Anexa 20 de Noviembre"
    ]
  },
  "22104": {
    "municipio": "Tijuana",
    "colonias": [
      "Alfonso Corona del Rosal",
      "El Pedregal",
      "El Pedregal Oeste",
      "Los Españoles",
      "Los Santos",
      "San José del Alto"
    ]
  },
  "22105": {
    "municipio": "Tijuana",
    "colonias": [
      "Anáhuac",
      "Ceceña",
      "Dimenstein",
      "El Prado",
      "El Prado Este",
      "FOVISSSTE Los Volcanes",
      "José Sandoval",
      "La Mesa",
      "La Mesa Sur",
      "Las Lilas",
      "Los Ángeles",
      "López",
      "López Oeste",
      "Moreno",
      "Santa Cruz"
    ]
  },
  "22106": {
    "municipio": "Tijuana",
    "colonias": [
      "Alcalá",
      "Alicia Carrillo",
      "Angélica",
      "Camichin",
      "Contreras",
      "Contreras Oeste",
      "Cortez",
      "El Paraíso",
      "Electricistas",
      "Gertrudis Green",
      "Gerónimo Meza",
      "Gerónimo Meza Este",
      "Guillen",
      "Hacienda Acueducto",
      "Jardines de San Carlos",
      "La Escondida",
      "Las Palmas",
      "Leos Montoya",
      "Luz Juárez",
      "López Lucio",
      "Magaña",
      "Quinta Alta",
      "Reynoso",
      "Reynoso Parcela 162",
      "San Carlos",
      "Santa Rosa",
      "Sonoita"
    ]
  },
  "22110": {
    "municipio": "Tijuana",
    "colonias": [
      "Chapultepec Alamar",
      "Los Pirules",
      "Los Álamos",
      "Residencial Villaflores"
    ]
  },
  "22114": {
    "municipio": "Tijuana",
    "colonias": [
      "Chihuahua La Mesa",
      "Fortín de las Flores",
      "Fortín de las Flores Oeste",
      "INFONAVIT La Mesa",
      "La Ciénega Poniente",
      "Río Tijuana 2a. Etapa",
      "San Antonio",
      "San Antonio Oeste",
      "Santa Elena",
      "Vaim",
      "Yamille"
    ]
  },
  "22115": {
    "municipio": "Tijuana",
    "colonias": [
      "Benton",
      "Castro",
      "Gas y Anexas",
      "Guadalajara (La Mesa)",
      "La Joya",
      "La Joya Este",
      "Las Brisas",
      "Las Brisas Norte",
      "Las Huertas 3a Sección",
      "Las Vegas",
      "Los Olivos",
      "Moreno 2da. Sección",
      "Ramírez"
    ]
  },
  "22116": {
    "municipio": "Tijuana",
    "colonias": [
      "Balcón Las Huertas",
      "Cañón el Salado",
      "El Valle",
      "Huertas 1a. Sección",
      "Huertas 2a. Sección",
      "Jalisco",
      "Jardín de las Bugambilias",
      "Lomas Conjunto Residencial",
      "Maurilio Magallón",
      "Pinos del Agüero",
      "Plan de Iguala",
      "Ramos",
      "Ramos Sur",
      "Rubio",
      "Urías"
    ]
  },
  "22117": {
    "municipio": "Tijuana",
    "colonias": [
      "Anexa Durango",
      "Anexa Santa Fe",
      "Anexa Veracruz",
      "Chapultepec California",
      "Durango",
      "Emperadores",
      "Guanajuato",
      "La Esmeralda",
      "La Villa",
      "Las Fuentes",
      "Las Huertas 4a Sección",
      "Lomas Las Huertas",
      "Los Árboles",
      "Santa Fe",
      "Veracruz"
    ]
  },
  "22120": {
    "municipio": "Tijuana",
    "colonias": [
      "18 de Marzo",
      "Arboledas",
      "Arboledas de La Mesa",
      "Constitución del 17",
      "División del Norte",
      "La Ciénega",
      "La Ciénega Sur",
      "Los Pinos (Limón)",
      "Niños Héroes (La Mesa)",
      "Niños Héroes Este",
      "Vivienda Magisterial 37",
      "Zermeño (Mérida)"
    ]
  },
  "22123": {
    "municipio": "Tijuana",
    "colonias": [
      "Camino Viejo",
      "El Olivar",
      "García",
      "Jardines de Las Arboledas",
      "Los Venados",
      "Los Venados Oeste",
      "Villa de Alcázar"
    ]
  },
  "22124": {
    "municipio": "Tijuana",
    "colonias": [
      "Presa Rodriguez",
      "Terrazas de La Presa",
      "Tona"
    ]
  },
  "22125": {
    "municipio": "Tijuana",
    "colonias": [
      "Bosques de La Presa",
      "Colinas de la Presa",
      "Colinas de la Presa Sección Montebello",
      "Lomas de La Presa",
      "Los Naranjos",
      "Los Reyes",
      "Villas de Baja California"
    ]
  },
  "22126": {
    "municipio": "Tijuana",
    "colonias": [
      "3 de Octubre",
      "Cañón Palmas",
      "Colinas de La Mesa",
      "El Ranchito",
      "Jardines de La Mesa",
      "México Lindo",
      "Residencial Alameda",
      "Villa Urrutia"
    ]
  },
  "22127": {
    "municipio": "Tijuana",
    "colonias": [
      "Anexa Loma Dorada",
      "Baja California",
      "Campos",
      "Castro Green",
      "Colinas de La Cruz",
      "INFONAVIT Lomas Verdes",
      "Las Huertas 5a Sección",
      "Loma Dorada Campos",
      "Luna Park",
      "Martínez",
      "Orizaba",
      "Pinos de Narez",
      "Villa Floresta"
    ]
  },
  "22160": {
    "municipio": "Tijuana",
    "colonias": [
      "Generación 2000",
      "Granjas Buenos Aires Sección La Palma"
    ]
  },
  "22163": {
    "municipio": "Tijuana",
    "colonias": [
      "Hacienda Las Delicias",
      "Hacienda los Venados",
      "La Ilusión",
      "Puerta Plata",
      "Tomas Alva Edison"
    ]
  },
  "22164": {
    "municipio": "Tijuana",
    "colonias": [
      "Los Valles",
      "Palma Real"
    ]
  },
  "22165": {
    "municipio": "Tijuana",
    "colonias": [
      "Hacienda las Delicias III",
      "Natura Sección Amanecer",
      "Natura Sección Arboledas",
      "Natura Sección Bosques",
      "Natura Sección Vistas del Sol"
    ]
  },
  "22170": {
    "municipio": "Tijuana",
    "colonias": [
      "Cañón del Sainz",
      "Colinas San Rafael",
      "Emiliano Zapata",
      "Hacienda los Laureles",
      "Rancho Santa Cruz",
      "San Luis",
      "Valle Dorado",
      "Villa del Prado",
      "Villa del Prado Segunda Sección",
      "Villa del Álamo"
    ]
  },
  "22180": {
    "municipio": "Tijuana",
    "colonias": [
      "Ampliación Reforma",
      "INFONAVIT Cachanillas",
      "INFONAVIT Latinos",
      "Lomas de La Amistad",
      "Parque Industrial La Mesa"
    ]
  },
  "22183": {
    "municipio": "Tijuana",
    "colonias": [
      "Amparo Sánchez",
      "Cañón Centenario",
      "División del Norte",
      "María Medina",
      "Reforma",
      "Sanchez Taboada II"
    ]
  },
  "22185": {
    "municipio": "Tijuana",
    "colonias": [
      "Ampliación Sanchez Taboada",
      "Colima",
      "Colinas de La Cantera",
      "Durán",
      "El Triunfo",
      "Niño Artillero",
      "Sanchez Taboada III",
      "Sanchez Taboada IV",
      "Sanchez Taboada Produtsa"
    ]
  },
  "22186": {
    "municipio": "Tijuana",
    "colonias": [
      "Anexa Sanchez Taboada",
      "Carmen Castillo",
      "Colinas de Cortés",
      "La Esperanza"
    ]
  },
  "22190": {
    "municipio": "Tijuana",
    "colonias": [
      "Camino Verde (Cañada Verde)",
      "Cuauhtémoc",
      "Felipa Velázquez"
    ]
  },
  "22194": {
    "municipio": "Tijuana",
    "colonias": [
      "Jardines de Agua Caliente",
      "Los Olivos",
      "Residencial Agua Caliente",
      "Santa Cecilia",
      "Villa Colonial"
    ]
  },
  "22195": {
    "municipio": "Tijuana",
    "colonias": [
      "Camino Real",
      "Colinas de San Ángel",
      "El Mirador (La Mesa)",
      "Hipódromo Dos",
      "Los Olivos Norte",
      "Monte Bello",
      "Real del Monte",
      "Santa Anita",
      "Sonora"
    ]
  },
  "22196": {
    "municipio": "Tijuana",
    "colonias": [
      "Sirak M Baloyan"
    ]
  },
  "22200": {
    "municipio": "Tijuana",
    "colonias": [
      "Ampliación Loma Bonita",
      "Buenos Aires Norte",
      "Jardín Dorado",
      "Loma Bonita"
    ]
  },
  "22203": {
    "municipio": "Tijuana",
    "colonias": [
      "Cañón del Padre",
      "Granjas Familiares de Matamoros",
      "Lomas Terrabella",
      "Montecarlo",
      "Pedregal del Matamoros",
      "Rincón Dorado"
    ]
  },
  "22204": {
    "municipio": "Tijuana",
    "colonias": [
      "Altiplano",
      "Altiplano 5a Sección",
      "Colas del Matamoros",
      "Ejido Matamoros",
      "El Mirador",
      "El Peñón",
      "Planicie",
      "Ribera del Bosque",
      "Valle Imperial",
      "Valle Verde",
      "Villa Residencial del Bosque"
    ]
  },
  "22205": {
    "municipio": "Tijuana",
    "colonias": [
      "FIDUZET",
      "Villa Fontana I",
      "Villa Fontana II",
      "Villa Fontana III",
      "Villa Fontana IX",
      "Villa Fontana VI",
      "Villa Fontana VII",
      "Villa Fontana XII",
      "Villa Fontana XIII",
      "Villa Fontana XIV",
      "Villa Fontana XVI",
      "Villa Fontana XVIII",
      "Villa del Real I",
      "Villa del Real II",
      "Villa del Real III",
      "Villa del Real IV",
      "Villa del Real V",
      "Villa del Real VI",
      "Villa del Real VII",
      "Villa del Real VIII",
      "Villa del Real X",
      "Villa del Real XI",
      "Villa del Sol I",
      "Villa del Sol II",
      "Villa del Sol III",
      "Villa del Sol IV",
      "Villa del Sol V"
    ]
  },
  "22206": {
    "municipio": "Tijuana",
    "colonias": [
      "El Pípila",
      "Héroes de Independencia",
      "Las Torres de Matamoros",
      "Lomas de Matamoros",
      "Mariano Matamoros (Norte)",
      "Tierra y Libertad",
      "Villa Fontana IV",
      "Villa Fontana V",
      "Villa Fontana VIII",
      "Villa Fontana X",
      "Villa Fontana XI"
    ]
  },
  "22207": {
    "municipio": "Tijuana",
    "colonias": [
      "Ampliación Gabriel Rodriguez",
      "Buenos Aires Sur",
      "Los Lobos",
      "Misión de las Californias",
      "Puerta del Sol"
    ]
  },
  "22210": {
    "municipio": "Tijuana",
    "colonias": [
      "Colinas del Alamar (Torres del Lago)",
      "El Lago",
      "Vista Hermosa"
    ]
  },
  "22214": {
    "municipio": "Tijuana",
    "colonias": [
      "Ampliación Guaycura",
      "Loma Dorada",
      "Mesetas del Guaycura",
      "Patria Nueva",
      "Pórticos del Lago",
      "Residencial El Fuerte",
      "Urbiquinta Marsella"
    ]
  },
  "22215": {
    "municipio": "Tijuana",
    "colonias": [
      "Ampliación Las Américas",
      "Baja Maq. El Águila",
      "El Águila",
      "Las Américas",
      "Las Misiones",
      "Misión de las Américas",
      "Paseos de Guaycura",
      "Plaza España",
      "Plaza San Marcos",
      "Praderas del Sol",
      "Presidentes",
      "Pórticos de Tijuana",
      "Rancho el Águila"
    ]
  },
  "22216": {
    "municipio": "Tijuana",
    "colonias": [
      "Bugambilias (Jacarandas)",
      "Guaycura"
    ]
  },
  "22217": {
    "municipio": "Tijuana",
    "colonias": [
      "Jardines del Lago",
      "Lago Sur"
    ]
  },
  "22220": {
    "municipio": "Tijuana",
    "colonias": [
      "Hacienda el Colorado"
    ]
  },
  "22223": {
    "municipio": "Tijuana",
    "colonias": [
      "Capistrano INFONAVIT",
      "Cerro Colorado",
      "Cerro Colorado 2a Sección (Lomas del Colorado)",
      "Cerro Colorado 3a Sección",
      "Cerro Colorado I",
      "Cerro II",
      "Estadio Potros",
      "José López Portillo",
      "Kino",
      "Kino II",
      "Las Praderas",
      "Mirador Capistrano",
      "San Carlos"
    ]
  },
  "22224": {
    "municipio": "Tijuana",
    "colonias": [
      "Agraristas",
      "Azteca",
      "Cañón de La Raza",
      "El Porvenir",
      "Fidel Velázquez",
      "Insurgentes",
      "Monte Real",
      "Praderas de La Mesa",
      "Villa Cruz"
    ]
  },
  "22225": {
    "municipio": "Tijuana",
    "colonias": [
      "Anexa Porvenir",
      "El Seminario",
      "IMAQ Tijuana",
      "Insurgentes",
      "La Campiña",
      "Libramiento (Zona AO)",
      "Los Saucillos",
      "Meseta del Chema",
      "Praderas de La Mesa Sección Valle de las Flores",
      "Pórticos de La Mesa",
      "Rodeo"
    ]
  },
  "22226": {
    "municipio": "Tijuana",
    "colonias": [
      "Alba Roja",
      "Paraíso del Río",
      "Privada Hacienda Córdoba",
      "Puerta del Río",
      "Río Tijuana 3a Etapa",
      "Villas del Río",
      "Vista del Río"
    ]
  },
  "22230": {
    "municipio": "Tijuana",
    "colonias": [
      "Horóscopo"
    ]
  },
  "22234": {
    "municipio": "Tijuana",
    "colonias": [
      "Ejido Francisco Villa Sur",
      "Mariano Matamoros (Centro)",
      "Mariano Matamoros (Sur)"
    ]
  },
  "22235": {
    "municipio": "Tijuana",
    "colonias": [
      "Villas del Dorado"
    ]
  },
  "22236": {
    "municipio": "Tijuana",
    "colonias": [
      "Ejido Francisco Villa",
      "Ejido Francisco Villa 2a Sección",
      "Real de San Francisco"
    ]
  },
  "22237": {
    "municipio": "Tijuana",
    "colonias": [
      "El Florido 1a. Sección",
      "El Florido 2a. Sección",
      "El Florido III"
    ]
  },
  "22244": {
    "municipio": "Tijuana",
    "colonias": [
      "El Florido I",
      "El Florido II",
      "Hacienda Casa Grande",
      "Lomas Virreyes",
      "Residencial Los Abedules",
      "Sevilla Residencial"
    ]
  },
  "22245": {
    "municipio": "Tijuana",
    "colonias": [
      "Cañadas del Florido",
      "Cañadas del Florido 2a. Sección",
      "El Florido IV",
      "Fideicomiso el Florido",
      "Hacienda Santa María",
      "Hacienda las Fuentes",
      "La Morita",
      "La Morita 2a Sección",
      "Las Abejas",
      "Las Colonias",
      "Paseo Santa María",
      "Paseos del Florido"
    ]
  },
  "22246": {
    "municipio": "Tijuana",
    "colonias": [
      "Terrazas del Valle",
      "Viñedos Casa Blanca"
    ]
  },
  "22250": {
    "municipio": "Tijuana",
    "colonias": [
      "El Realito",
      "Hábitat Piedras Blancas",
      "Los Olivos",
      "Parque Industrial El Florido Sección La Encantada",
      "Valle Bonito"
    ]
  },
  "22253": {
    "municipio": "Tijuana",
    "colonias": [
      "El Laurel I",
      "El Laurel II",
      "El Refugio",
      "La Muralla",
      "Paseos del Vergel",
      "Terrazas La Morita",
      "Vistas de Palmillas"
    ]
  },
  "22254": {
    "municipio": "Tijuana",
    "colonias": [
      "Ampliación Lomas de Tlatelolco",
      "Colinas del Florido",
      "El Florido Sección Colinas",
      "Florido Viejo",
      "Granjas Princesas del Sol",
      "Lomas de Tlatelolco",
      "Lomas del Pedregal",
      "Lomas del Refugio",
      "Maclovio Rojas",
      "Ojo de Agua",
      "Ojo de Agua (El Florido)",
      "Partido del Trabajo",
      "Rincón del Mediterraneo",
      "Santa Fe",
      "Villa del Campo"
    ]
  },
  "22255": {
    "municipio": "Tijuana",
    "colonias": [
      "El Roble Tres R",
      "Los Girasoles",
      "Nuevo Progreso",
      "Quintas Campestre El Refugio"
    ]
  },
  "22260": {
    "municipio": "Tijuana",
    "colonias": [
      "Portezuelos",
      "Valle de las Palmas"
    ]
  },
  "22263": {
    "municipio": "Tijuana",
    "colonias": [
      "Lomas de San Pedro"
    ]
  },
  "22330": {
    "municipio": "Tijuana",
    "colonias": [
      "El Niño",
      "La Fuente del Valle",
      "Lomas del Valle",
      "Rancho 3 Piedras (La Ladrillera)",
      "Terrazas del Valle 2a Sección",
      "Tres M (Pérez)",
      "Vista del Valle"
    ]
  },
  "22333": {
    "municipio": "Tijuana",
    "colonias": [
      "Javier Rojo Gómez"
    ]
  },
  "22334": {
    "municipio": "Tijuana",
    "colonias": [
      "Parajes del Valle",
      "Santa Fe"
    ]
  },
  "22335": {
    "municipio": "Tijuana",
    "colonias": [
      "Margarita Residencial",
      "Valle Redondo"
    ]
  },
  "22400": {
    "municipio": "Tijuana",
    "colonias": [
      "Libertad"
    ]
  },
  "22404": {
    "municipio": "Tijuana",
    "colonias": [
      "Aeropuerto",
      "Las Californias"
    ]
  },
  "22405": {
    "municipio": "Tijuana",
    "colonias": [
      "Anexa Postal"
    ]
  },
  "22406": {
    "municipio": "Tijuana",
    "colonias": [
      "Anexa Ruiz Cortines",
      "Burócrata Ruiz Cortines"
    ]
  },
  "22410": {
    "municipio": "Tijuana",
    "colonias": [
      "Alfonso Garzón",
      "Centro Urbano 70-76",
      "Lomas Taurinas"
    ]
  },
  "22414": {
    "municipio": "Tijuana",
    "colonias": [
      "Anexa Buena Vista",
      "Kennedy",
      "Tomas Aquino"
    ]
  },
  "22415": {
    "municipio": "Tijuana",
    "colonias": [
      "Buena Vista",
      "Chamizal",
      "SEPANAL"
    ]
  },
  "22416": {
    "municipio": "Tijuana",
    "colonias": [
      "Anexa Del Río",
      "Defensores de Baja California",
      "Del Río",
      "Empleado Postal",
      "López Leyva",
      "Mineral de Santa Fe"
    ]
  },
  "22420": {
    "municipio": "Tijuana",
    "colonias": [
      "Altabrisa",
      "Ampliación Lomas Taurinas",
      "Insurgentes",
      "Otay Insurgentes"
    ]
  },
  "22424": {
    "municipio": "Tijuana",
    "colonias": [
      "Internacional Tijuana"
    ]
  },
  "22425": {
    "municipio": "Tijuana",
    "colonias": [
      "Bosque de las Araucarias",
      "Centro Comercial Otay",
      "La Pechuga",
      "Parque Industrial Misiones de las Californias",
      "Villas Otay"
    ]
  },
  "22426": {
    "municipio": "Tijuana",
    "colonias": [
      "Ex Ejido Tampico",
      "Guadalupe Victoria",
      "Misiones del Pedregal"
    ]
  },
  "22427": {
    "municipio": "Tijuana",
    "colonias": [
      "INDECO Universidad",
      "Ignacio Zaragoza",
      "Laderas de Otay",
      "Otay Jardín",
      "Otay Jardín II",
      "Otay Universidad",
      "Universidad Sur"
    ]
  },
  "22430": {
    "municipio": "Tijuana",
    "colonias": [
      "Garita Internacional",
      "Garita Otay",
      "Mesa de Otay",
      "Vista Lago"
    ]
  },
  "22434": {
    "municipio": "Tijuana",
    "colonias": [
      "Perimetral Norte",
      "Residencial Frontera"
    ]
  },
  "22435": {
    "municipio": "Tijuana",
    "colonias": [
      "Bellas Artes",
      "Nueva Tijuana",
      "Roberto de La Madrid"
    ]
  },
  "22436": {
    "municipio": "Tijuana",
    "colonias": [
      "Otay Colonial",
      "Otay Diamantes",
      "Otay Galerías",
      "Xicoténcatl Leyva (OE)"
    ]
  },
  "22439": {
    "municipio": "Tijuana",
    "colonias": [
      "Tijuana (Gral. Abelardo L. Rodríguez)"
    ]
  },
  "22440": {
    "municipio": "Tijuana",
    "colonias": [
      "Chilpancingo",
      "Ejido Chilpancingo",
      "Real de La Frontera"
    ]
  },
  "22444": {
    "municipio": "Tijuana",
    "colonias": [
      "Ciudad Industrial"
    ]
  },
  "22446": {
    "municipio": "Tijuana",
    "colonias": [
      "Ejido Chilpancingo"
    ]
  },
  "22450": {
    "municipio": "Tijuana",
    "colonias": [
      "FOVISSSTE II",
      "FOVISSSTE V",
      "INFONAVIT Loma II",
      "Manuel Rivera Anaya",
      "Otay Campestre",
      "Otay Vista",
      "Plaza Otay",
      "Rincón de Otay",
      "Río Vista",
      "Vista Alamar"
    ]
  },
  "22454": {
    "municipio": "Tijuana",
    "colonias": [
      "Tecnológico"
    ]
  },
  "22455": {
    "municipio": "Tijuana",
    "colonias": [
      "Campestre Murua"
    ]
  },
  "22456": {
    "municipio": "Tijuana",
    "colonias": [
      "Melchor Ocampo",
      "Murua Poniente",
      "Valle Vista 1a Sección",
      "Valle Vista 2a Sección"
    ]
  },
  "22457": {
    "municipio": "Tijuana",
    "colonias": [
      "Delicias",
      "FOVISSSTE",
      "Maestros Universitarios",
      "Otay Constituyentes",
      "Plazas",
      "Rinconada 1",
      "Rinconada 2",
      "Rinconada de Otay"
    ]
  },
  "22460": {
    "municipio": "Tijuana",
    "colonias": [
      "Arenales B",
      "Rancho Rivera"
    ]
  },
  "22464": {
    "municipio": "Tijuana",
    "colonias": [
      "Fernández",
      "Los Arenales A",
      "Riberas del Alamar"
    ]
  },
  "22465": {
    "municipio": "Tijuana",
    "colonias": [
      "Alamar",
      "Hidalgo",
      "INFONAVIT Patrimonio",
      "Murua Oriente",
      "Patrimonio Alamar",
      "Privada San Miguel"
    ]
  },
  "22470": {
    "municipio": "Tijuana",
    "colonias": [
      "Alamar II",
      "Anexa Magisterial",
      "Las Torres",
      "Magisterial",
      "Valle del Alamar II"
    ]
  },
  "22473": {
    "municipio": "Tijuana",
    "colonias": [
      "Nido de las Águilas",
      "Rancho Escondido"
    ]
  },
  "22474": {
    "municipio": "Tijuana",
    "colonias": [
      "Granjas División del Norte",
      "Pegaso I",
      "Pegaso II"
    ]
  },
  "22476": {
    "municipio": "Tijuana",
    "colonias": [
      "10 de Mayo",
      "Granjas Familiares Unidas",
      "Insurgentes",
      "Pontevedra"
    ]
  },
  "22500": {
    "municipio": "Tijuana",
    "colonias": [
      "Playas de Tijuana Sección Jardines"
    ]
  },
  "22504": {
    "municipio": "Tijuana",
    "colonias": [
      "Playa Diamante",
      "Playas de Tijuana Sección Costa",
      "Playas de Tijuana Sección Monumental",
      "Playas de Tijuana Sección Playas Coronado",
      "Playas de Tijuana Sección Terrazas",
      "Puesta del Sol"
    ]
  },
  "22505": {
    "municipio": "Tijuana",
    "colonias": [
      "Coral Beach",
      "La Perla Bahía",
      "La Perla Residencial",
      "Leonardo Rodriguez Alcaine",
      "Mar de Cortez",
      "Playas de Tijuana Sección Jardines del Sol",
      "Playas de Tijuana Sección La Riviera",
      "Playas de Tijuana Sección el Dorado"
    ]
  },
  "22506": {
    "municipio": "Tijuana",
    "colonias": [
      "Playas de Tijuana Sección Costa Azul",
      "Playas de Tijuana Sección Costa Hermosa",
      "Playas de Tijuana Sección Costa de Oro",
      "Playas de Tijuana Sección Triangulo de Oro"
    ]
  },
  "22510": {
    "municipio": "Tijuana",
    "colonias": [
      "Alberto Bustamante",
      "Colegio Ibero Tijuana",
      "Lázaro Cárdenas",
      "Lázaro Cárdenas 3ra Mesa",
      "Mar Vista",
      "Xicotencatl Leyva Alemán"
    ]
  },
  "22515": {
    "municipio": "Tijuana",
    "colonias": [
      "Albatros",
      "Milenio 2000"
    ]
  },
  "22516": {
    "municipio": "Tijuana",
    "colonias": [
      "Costa Coronado Residencial",
      "Villa Mar"
    ]
  },
  "22517": {
    "municipio": "Tijuana",
    "colonias": [
      "La Cúspide",
      "Laderas del Mar",
      "TECNOMEX",
      "Vista Mar Residencial"
    ]
  },
  "22520": {
    "municipio": "Tijuana",
    "colonias": [
      "Anexo los Laureles",
      "Cañón Tampico",
      "Cañón del Matadero Este",
      "El Mirador",
      "Lomas del Mirador",
      "Los Laureles",
      "Mar Vista"
    ]
  },
  "22523": {
    "municipio": "Tijuana",
    "colonias": [
      "Cañón Azteca",
      "Cañón Miramar",
      "Cañón de las Rosas",
      "Cañón del Matadero",
      "Gran Tenochtitlán"
    ]
  },
  "22524": {
    "municipio": "Tijuana",
    "colonias": [
      "Michoacán",
      "San Angel"
    ]
  },
  "22525": {
    "municipio": "Tijuana",
    "colonias": [
      "Anexa Divina Providencia",
      "Corona Encantada",
      "Divina Providencia",
      "Ecologista",
      "La Jolla",
      "Rancho Macías",
      "San Bernardo (Terrazas de San Bernardo)",
      "Vista Encantada"
    ]
  },
  "22526": {
    "municipio": "Tijuana",
    "colonias": [
      "Anexa Miramar",
      "Cañón Rosales",
      "Miramar",
      "Rancho las Flores 1a Sección",
      "Rancho las Flores 2a Sección"
    ]
  },
  "22530": {
    "municipio": "Tijuana",
    "colonias": [
      "Colina del Mediterráneo",
      "Lomas Misión",
      "Misión del Sol",
      "Segunda Parte del Soler",
      "Soler"
    ]
  },
  "22534": {
    "municipio": "Tijuana",
    "colonias": [
      "Herrera",
      "Santa Rosa (Ciudad)",
      "Unión"
    ]
  },
  "22535": {
    "municipio": "Tijuana",
    "colonias": [
      "Cañón de las Palmeras",
      "INFONAVIT Lomas del Porvenir",
      "Las Palmeras",
      "Lomas Tijuana"
    ]
  },
  "22536": {
    "municipio": "Tijuana",
    "colonias": [
      "División los Altos",
      "Hacienda Linda Vista",
      "Los Altos (Ruíz Valencia)"
    ]
  },
  "22537": {
    "municipio": "Tijuana",
    "colonias": [
      "Cañón del Matadero Norte",
      "La Isla"
    ]
  },
  "22540": {
    "municipio": "Tijuana",
    "colonias": [
      "Puente La Joya"
    ]
  },
  "22544": {
    "municipio": "Tijuana",
    "colonias": [
      "Corona del Mar"
    ]
  },
  "22545": {
    "municipio": "Tijuana",
    "colonias": [
      "Las Cumbres",
      "Roberto Yahuaca"
    ]
  },
  "22550": {
    "municipio": "Tijuana",
    "colonias": [
      "Punta Bandera",
      "Punta del Mar"
    ]
  },
  "22555": {
    "municipio": "Tijuana",
    "colonias": [
      "El Monte",
      "Terrazas del Sol"
    ]
  },
  "22557": {
    "municipio": "Tijuana",
    "colonias": [
      "Antorcha II",
      "Granjas Familiares La Esperanza",
      "Vista Azul"
    ]
  },
  "22560": {
    "municipio": "Tijuana",
    "colonias": [
      "Baja Malibú",
      "Baja Malibú (Sección Playas)",
      "Playa Blanca",
      "San Antonio del Mar"
    ]
  },
  "22563": {
    "municipio": "Tijuana",
    "colonias": [
      "San Antonio Club Hípico y de Golf"
    ]
  },
  "22564": {
    "municipio": "Tijuana",
    "colonias": [
      "Lomas Santa Fe",
      "Lomas del Mar",
      "Urbi Quinta del Cedro",
      "Urbi Quinta del Cedro Segunda Sección",
      "Viñas del Mar",
      "Viñas del Mar II"
    ]
  },
  "22565": {
    "municipio": "Tijuana",
    "colonias": [
      "Pacifico Campestre",
      "Real del Mar"
    ]
  },
  "22566": {
    "municipio": "Tijuana",
    "colonias": [
      "Baja Malibú (Sección Lomas)",
      "Brisas del Mar",
      "Campo Koa",
      "Hacienda del Mar",
      "Los Delfines",
      "Santa Mónica",
      "Sección Campestre"
    ]
  },
  "22567": {
    "municipio": "Tijuana",
    "colonias": [
      "Residencial San Marino"
    ]
  },
  "22600": {
    "municipio": "Tijuana",
    "colonias": [
      "Anexa Niños Héroes",
      "Artesanal",
      "Cañón Rubí",
      "El Cortez",
      "Montes Olímpicos"
    ]
  },
  "22604": {
    "municipio": "Tijuana",
    "colonias": [
      "Loma Bonita Norte",
      "Nueva Aurora",
      "Nueva Aurora Sur",
      "Nuevo Milenio",
      "Pedregal de Santa Julia",
      "Real de Loma Bonita",
      "Valle Sur"
    ]
  },
  "22605": {
    "municipio": "Tijuana",
    "colonias": [
      "Cañón de las Carretas",
      "Fausto González",
      "Loma Bonita (NA)",
      "Reacomodo Obras Publicas"
    ]
  },
  "22606": {
    "municipio": "Tijuana",
    "colonias": [
      "El Jibarito",
      "Flores Magón",
      "Xicotencatl Leyva"
    ]
  },
  "22607": {
    "municipio": "Tijuana",
    "colonias": [
      "Ampliación Salvatierra",
      "Brisa Marina",
      "Granja Puesta del Sol",
      "La Cueva",
      "Modesto Ponce",
      "Salvatierra",
      "San Mateo"
    ]
  },
  "22610": {
    "municipio": "Tijuana",
    "colonias": [
      "5 y 8 Hectáreas",
      "Ciudad Jardín",
      "Manuel Paredes 3a Sección",
      "Manuel Paredes II"
    ]
  },
  "22614": {
    "municipio": "Tijuana",
    "colonias": [
      "Anexa Herrera",
      "Anexa Roma",
      "I Ayuntamiento",
      "Lomas del Pacifico",
      "Patrimonial Benito Juárez"
    ]
  },
  "22615": {
    "municipio": "Tijuana",
    "colonias": [
      "El Progreso",
      "Francisco Villa"
    ]
  },
  "22616": {
    "municipio": "Tijuana",
    "colonias": [
      "Monte San Antonio",
      "Rancho La Cima"
    ]
  },
  "22620": {
    "municipio": "Tijuana",
    "colonias": [
      "Chihuahua",
      "Manuel Paredes I",
      "Niños Héroes",
      "Oaxaca (Ángel Fernández)"
    ]
  },
  "22624": {
    "municipio": "Tijuana",
    "colonias": [
      "Obrera 2a Sección",
      "Obrera 3a Sección"
    ]
  },
  "22625": {
    "municipio": "Tijuana",
    "colonias": [
      "Obrera 1a Sección"
    ]
  },
  "22626": {
    "municipio": "Tijuana",
    "colonias": [
      "El Rubí",
      "Rubí Aguadores"
    ]
  },
  "22630": {
    "municipio": "Tijuana",
    "colonias": [
      "Cumbres del Sol",
      "Valle del Rubí Sección Lomas",
      "Vivienda Popular"
    ]
  },
  "22634": {
    "municipio": "Tijuana",
    "colonias": [
      "Colinas del Rey",
      "La Sierra",
      "Liberal Lomas del Rubí",
      "Residencial Las Cascadas",
      "Roberto Curiel"
    ]
  },
  "22635": {
    "municipio": "Tijuana",
    "colonias": [
      "Alfonso Ballesteros",
      "Ampliación Tejamen",
      "Anexa Simón Bolívar",
      "Cumbres del Rubí",
      "El Palmar",
      "El Rincón",
      "Ignacio Ramírez",
      "La Esperanza",
      "Lomas Villas",
      "Lomas del Río",
      "Santa Paula",
      "Simón Bolívar",
      "Tejamen",
      "Tepeyac",
      "Valle del Pedregal",
      "Villa Bonita"
    ]
  },
  "22636": {
    "municipio": "Tijuana",
    "colonias": [
      "28 Batallón de Infantería",
      "Gutiérrez Ovalle",
      "Jardines de las Cruces",
      "Llamas Amaya",
      "Militar",
      "Nueva Era",
      "Patrimonio Familiar",
      "Villegas"
    ]
  },
  "22637": {
    "municipio": "Tijuana",
    "colonias": [
      "Anexa Pro Hogar",
      "Jardines del Rubí",
      "Valle del Rubí Sección Terrazas",
      "Valle del Sur",
      "Valle del Sur 1",
      "Valle del Sur 2"
    ]
  },
  "22640": {
    "municipio": "Tijuana",
    "colonias": [
      "Aguaje de La Tuna 1a Sección",
      "Aguaje de La Tuna 2a Sección",
      "Anexa Internacional",
      "Condesa",
      "De los Maestros",
      "Internacional",
      "Las Plazas",
      "Luis Echeverría",
      "Nueva Esperanza (La Cuesta)",
      "Residencial La Esmeralda",
      "Residencial La Esperanza",
      "Sánchez Díaz"
    ]
  },
  "22643": {
    "municipio": "Tijuana",
    "colonias": [
      "Hacienda del Pacifico",
      "Industrial Pacífico I",
      "Industrial Pacífico III",
      "La Rioja Residencial",
      "Las Flores",
      "Leandro Valle",
      "Lomas de San Martín",
      "Mi Patrimonio",
      "Paseos del Pacífico",
      "San Quintín",
      "Xochimilco Solidaridad"
    ]
  },
  "22644": {
    "municipio": "Tijuana",
    "colonias": [
      "Banus Residencial",
      "Cumbres del Pacífico (Terrazas del Pacífico)",
      "El Tecolote",
      "Genaro Vázquez",
      "Genaro Vázquez Sección Tres",
      "Granjas el Tecolote",
      "Industrial Pacífico II",
      "Nordika",
      "Parque Industrial Pacífico IV",
      "Residencial Barcelona",
      "XVIII Ayuntamiento"
    ]
  },
  "22645": {
    "municipio": "Tijuana",
    "colonias": [
      "Campestre La Gloria",
      "Condominios Villas California",
      "Jardines de La Gloria",
      "La Gloria",
      "La Jolla",
      "Monarca",
      "Real de La Gloria",
      "Residencial Los Leones"
    ]
  },
  "22646": {
    "municipio": "Tijuana",
    "colonias": [
      "Lagunitas",
      "Lagunitas 3a Sección"
    ]
  },
  "22647": {
    "municipio": "Tijuana",
    "colonias": [
      "Alfa Panamericano",
      "Bonaterra",
      "Colinas de California",
      "Industrial Morelos",
      "Jardines de La Misión",
      "Panamericano",
      "Villa Campestre"
    ]
  },
  "22650": {
    "municipio": "Tijuana",
    "colonias": [
      "Cuesta Blanca",
      "Las 2 Palmas",
      "Loma Blanca"
    ]
  },
  "22654": {
    "municipio": "Tijuana",
    "colonias": [
      "Alcatraces",
      "Alfredo Ames",
      "Ampliación Ejido Lázaro Cárdenas",
      "Bonilla",
      "Ejido Lázaro Cárdenas",
      "El Chicote",
      "Hacienda San Martín",
      "Villa Residencial Santa Fe 3a Sección"
    ]
  },
  "22660": {
    "municipio": "Tijuana",
    "colonias": [
      "Colinas del Sol",
      "Francisco Zarco",
      "Xicoténcatl Dos"
    ]
  },
  "22663": {
    "municipio": "Tijuana",
    "colonias": [
      "Cuatro Estrellas",
      "Hacienda las Flores",
      "Loma Encantada",
      "San Agustin",
      "Valparaíso Residencial"
    ]
  },
  "22664": {
    "municipio": "Tijuana",
    "colonias": [
      "La Cuestecita",
      "Leonardo Rodriguez Alcaine",
      "Quinta Versalles",
      "Villa Residencial Santa Fe 2a Sección",
      "Villa Residencial Santa Fe 5a Sección"
    ]
  },
  "22665": {
    "municipio": "Tijuana",
    "colonias": [
      "Cumbres del Sol",
      "Fuentes del Sol",
      "Isla Coronado",
      "Ley del Servicio Civil",
      "Lomas de San Antonio",
      "Terrazas de San Angel"
    ]
  },
  "22666": {
    "municipio": "Tijuana",
    "colonias": [
      "Isla Mujeres",
      "La Escondida",
      "Las Villas Santa Fe",
      "Lomas del Real",
      "Pórticos de San Antonio",
      "Real de San Antonio",
      "Residencial Isla Cedros",
      "Vista Bella"
    ]
  },
  "22667": {
    "municipio": "Tijuana",
    "colonias": [
      "Costa Dorada",
      "Estrella del Pacífico",
      "Las Villas Tijuana",
      "Praderas de la Gloria",
      "San Miguel",
      "Siena Residencial",
      "Verona Residencial",
      "Villa Residencial Santa Fe 1a Sección"
    ]
  },
  "22700": {
    "municipio": "Playas de Rosarito",
    "colonias": [
      "Rosarito Centro"
    ]
  },
  "22703": {
    "municipio": "Playas de Rosarito",
    "colonias": [
      "5ta. Plaza",
      "Anexa Obrera",
      "Basso",
      "Echeverría",
      "Hacienda Floresta",
      "Hacienda San Fernando",
      "La Fuente",
      "Lienzo Charro",
      "Los Ángeles",
      "López Gutiérrez",
      "Machado",
      "Machado Norte",
      "Machado Sur",
      "Magisterial",
      "Mexicali",
      "Miramar",
      "Obrera",
      "Quinta del Mar",
      "Reserva San Fernando",
      "Rosarito Este",
      "Termoeléctrica",
      "Tijuana",
      "Villa Mar",
      "Villa del Mar",
      "Villas del Mar",
      "Vista al Mar"
    ]
  },
  "22704": {
    "municipio": "Playas de Rosarito",
    "colonias": [
      "Ampliación Reforma",
      "Baja del Mar",
      "El Oasis",
      "Lepro",
      "Marisol",
      "PEMEX",
      "Perla del Pacífico",
      "Rancho del Mar",
      "Reforma",
      "Rica Mar",
      "Santa Mónica"
    ]
  },
  "22705": {
    "municipio": "Playas de Rosarito",
    "colonias": [
      "Aztlán",
      "Campestre La Mina de San Antonio",
      "Campestre Lagos",
      "Colinas de Aragón",
      "Independencia",
      "La Mina",
      "Lomas de Montecarlo",
      "Lomas de Rosarito",
      "Lomas del Desierto",
      "Playas de Santander",
      "Rosamar",
      "Santa Lucía",
      "Veracruz"
    ]
  },
  "22706": {
    "municipio": "Playas de Rosarito",
    "colonias": [
      "Ampliación Benito Juárez",
      "Ampliación Lucio Blanco",
      "Ampliación Plan Libertador",
      "Arboledas",
      "Benito Juárez",
      "Colinas de Mazatlán",
      "Colinas del Sol",
      "Coral de Rosarito",
      "Costa Rica",
      "Cumbres de Rosarito",
      "Cumbres del Mar",
      "Jorge Díaz Serrano",
      "La Herradura",
      "Los Ramos",
      "Lucio Blanco",
      "Plan Libertador",
      "Real de Rosarito",
      "Real de Rosarito II",
      "Rosarito",
      "Salinas de Gortari",
      "San Miguel",
      "Villa Bonita"
    ]
  },
  "22707": {
    "municipio": "Playas de Rosarito",
    "colonias": [
      "17 de Agosto",
      "Aguaje de la Cabaña",
      "Ampliación Constitución",
      "Ampliación Ejido Mazatlán",
      "Catalina del Mar",
      "Chula Vista",
      "Colinas de Rosarito",
      "Constitución",
      "Crosthwhite",
      "Eduardo Crosthwhite",
      "Huacatay",
      "La Capilla",
      "Lomas Altas",
      "Lomas de Coronado",
      "Mauro Guzmán",
      "Morelos",
      "Rancho Altamira",
      "Rancho Chula Vista",
      "Rancho los Olivos",
      "Rinconada de Rosarito",
      "Santa Anita del Mar",
      "Villa Turística",
      "Villas Siboney",
      "Vista Hermosa"
    ]
  },
  "22710": {
    "municipio": "Playas de Rosarito",
    "colonias": [
      "Camino Alegre",
      "Costa del sol",
      "El Mañana",
      "La Cascada",
      "Playa Hermosa",
      "Popotla"
    ]
  },
  "22713": {
    "municipio": "Playas de Rosarito",
    "colonias": [
      "Castillos del Mar",
      "La Barca",
      "La Paloma",
      "Matajanil",
      "Playa Encantada",
      "Punta Azul",
      "Renes",
      "Villa Corona del Mar",
      "Villas de Rosarito"
    ]
  },
  "22715": {
    "municipio": "Playas de Rosarito",
    "colonias": [
      "Aguamarina",
      "Colinas del Volcan",
      "Los Arroyos",
      "Misión del Mar I",
      "Misión del Mar II",
      "Perla Escondida",
      "Villa Italiana"
    ]
  },
  "22716": {
    "municipio": "Playas de Rosarito",
    "colonias": [
      "El Mirador",
      "Mar de Popotla",
      "Terrazas del Pacífico"
    ]
  },
  "22717": {
    "municipio": "Playas de Rosarito",
    "colonias": [
      "El Morro",
      "Hacienda del Sol",
      "Mar de Calafia",
      "Santa Isabel del Mar",
      "Terrazas del Mar",
      "Villas de San Ángel"
    ]
  },
  "22740": {
    "municipio": "Playas de Rosarito",
    "colonias": [
      "Bahía Cantiles (Cantiles Dorados)",
      "Campo Real",
      "Cantamar",
      "Centinela",
      "Centro Turístico El Pescador",
      "Colinas del Puerto",
      "El Morro Kilómetro Treinta y Ocho",
      "El Refugio",
      "Fundadores",
      "Ladrillera Pescador",
      "Las Gaviotas",
      "Las Torres",
      "Lomas de Cantamar",
      "Lomas de Puerto Nuevo",
      "Los Manantiales",
      "Mar de Puerto Nuevo I",
      "Marbella",
      "Primo Tapia parte Alta",
      "Primo Tapia parte Baja",
      "Puerto Nuevo",
      "Rancho Reynoso",
      "Santini",
      "Villas de San Pedro",
      "Vista Marina"
    ]
  },
  "22744": {
    "municipio": "Playas de Rosarito",
    "colonias": [
      "El Descanso",
      "Lomas de León",
      "Misión el Descanso",
      "Rancho el Descanso"
    ]
  },
  "22745": {
    "municipio": "Playas de Rosarito",
    "colonias": [
      "La Zorra"
    ]
  },
  "22746": {
    "municipio": "Playas de Rosarito",
    "colonias": [
      "Alisitos",
      "Campo López",
      "Cuenca Lechera",
      "El Campito",
      "Marena Cove",
      "Medio Camino",
      "Misión Viejo",
      "Playas la Misión",
      "Plaza del Mar",
      "Santa Anita",
      "Venustiano Carranza"
    ]
  },
  "22750": {
    "municipio": "Ensenada",
    "colonias": [
      "Francisco Zarco",
      "San Antonio Necua"
    ]
  },
  "22753": {
    "municipio": "Ensenada",
    "colonias": [
      "El Porvenir (Guadalupe)",
      "Parcela 32",
      "Parcela 77",
      "Tierra Santa"
    ]
  },
  "22755": {
    "municipio": "Ensenada",
    "colonias": [
      "14 de Febrero",
      "Ampliación el Porvenir"
    ]
  },
  "22756": {
    "municipio": "Ensenada",
    "colonias": [
      "El Milagro"
    ]
  },
  "22758": {
    "municipio": "Ensenada",
    "colonias": [
      "Emiliano Zapata",
      "Ignacio Zaragoza"
    ]
  },
  "22760": {
    "municipio": "Ensenada",
    "colonias": [
      "Baja Mar San Diego",
      "Balcones Cíbolas del Mar",
      "Brisa del Mar",
      "Colinas del Mar",
      "Colinas del Mar Residencial",
      "Colinas del Sauzal",
      "El Sauzal",
      "FONDEPORT",
      "Lomas del Sauzal",
      "Manchuria",
      "Nueva Ciudad de Niños (R. Coronita)",
      "Santa Anita",
      "Villas Cíbola del Mar",
      "Villas de San Miguel"
    ]
  },
  "22762": {
    "municipio": "Ensenada",
    "colonias": [
      "Ley Federal de Reforma Agraria (El Tigre)"
    ]
  },
  "22765": {
    "municipio": "Ensenada",
    "colonias": [
      "Buena Vista",
      "Campo Turístico La Misión",
      "La Misión",
      "La Salina",
      "Orfanato Door of Faith Orphanage",
      "Puerto Salina La Marina",
      "Punta Piedra",
      "Úrsulo Galván"
    ]
  },
  "22766": {
    "municipio": "Ensenada",
    "colonias": [
      "Ampliación Mixteca II",
      "Las Ilusiones",
      "Las Lomas",
      "Lomas de San Antonio",
      "Lucio Blanco",
      "San Antonio de Las Minas",
      "San Marcos",
      "Santa Rosa",
      "Villa de Juárez (San Antonio de las Minas)"
    ]
  },
  "22767": {
    "municipio": "Ensenada",
    "colonias": [
      "Cuatro Milpas"
    ]
  },
  "22770": {
    "municipio": "Ensenada",
    "colonias": [
      "Del Valle",
      "Los Eucaliptos",
      "Los Pirules",
      "Puerta Trampa",
      "Real del Castillo Nuevo",
      "Rosa de Castilla"
    ]
  },
  "22771": {
    "municipio": "Ensenada",
    "colonias": [
      "Campa",
      "La Huerta"
    ]
  },
  "22780": {
    "municipio": "Ensenada",
    "colonias": [
      "Los Cipreses"
    ]
  },
  "22785": {
    "municipio": "Ensenada",
    "colonias": [
      "Aeropuerto",
      "Chapultepec",
      "Conjunto Artesanal",
      "Domingo Luna",
      "El Ciprés",
      "El Naranjo",
      "Escritores",
      "Jardines de Chapultepec",
      "Juan Diego",
      "Las Brisas",
      "Las Palmas",
      "Lomas de San Fernando 1",
      "Lomas de San Fernando 2",
      "Nueva España",
      "Playas de Chapultepec",
      "Praderas del Ciprés Sección 2",
      "Praderas del Ciprés Sección I",
      "Pórticos del Mar",
      "Real de San Fernando",
      "Rinconada del Pedregal",
      "San Borja Residencial",
      "Santo Domingo Residencial",
      "Siena Residencial",
      "Todos los Santos",
      "Valle de Chapultepec",
      "Valle de las Palmas",
      "Villa Residencial del Rey",
      "Villa del Real",
      "Villas Residencial del Real",
      "Villas Residencial del Real IV 2da. Sección",
      "Villas del Campo",
      "Villas del Mar",
      "Villas del Real 2a Sección",
      "Villas del Real 3a Sección",
      "Villas del Real 4a Sección",
      "Vista Hermosa",
      "Vista del Mar"
    ]
  },
  "22789": {
    "municipio": "Ensenada",
    "colonias": [
      "Héroes de La Independencia (Llano Colorado)",
      "Santa Catarina"
    ]
  },
  "22790": {
    "municipio": "Ensenada",
    "colonias": [
      "Bellavista",
      "Cañón Buena Vista",
      "Durango",
      "El Paraíso",
      "El Pípila",
      "El Veladero (Ejido Nacionalista)",
      "El Único",
      "Hogares del Puerto",
      "José López Portillo",
      "La Escondida",
      "Las Brisas",
      "Las Flores",
      "Las Palmas",
      "Las Tinajitas",
      "Loma Bonita",
      "Lomas de Mendoza",
      "Los Olivos",
      "Los Pinos",
      "Maneadero",
      "Nueva España",
      "Praderas del Sol",
      "Reforma el Veladero",
      "Sexta Sección",
      "Solidaridad",
      "Villas del Mar",
      "Vista al Mar",
      "Vista del Valle"
    ]
  },
  "22793": {
    "municipio": "Ensenada",
    "colonias": [
      "Arce",
      "Arce (Nacionalista)",
      "Benito Juárez",
      "Costa Azul",
      "El Salitral",
      "San Miguel",
      "Villa del Mar"
    ]
  },
  "22794": {
    "municipio": "Ensenada",
    "colonias": [
      "Campo Turístico La Jolla",
      "Coronel Estéban Cantú",
      "El Ramajal",
      "II Sección Esteban Cantú",
      "La Bufadora",
      "Lomas del Mar",
      "Packard",
      "Parcela Número 140 (Nacionalista)",
      "Puerto Escondido",
      "Rincón Punta Banda (Rincón de Ballenas)"
    ]
  },
  "22795": {
    "municipio": "Ensenada",
    "colonias": [
      "Chula Vista",
      "El Ajusco",
      "El Puerto de Santo Tomás",
      "Francisco Villa",
      "Santo Tomas",
      "Uruapan",
      "Vista Hermosa"
    ]
  },
  "22796": {
    "municipio": "Ensenada",
    "colonias": [
      "Brechas el Mirador",
      "Colinas del Pedregal",
      "Ibarra",
      "Parcela 116 (Nacionalista)",
      "Parcela 231 (El Refugio del Viejo)",
      "Parcela Número 105 (Nacionalista)",
      "Parcela Número 117 (Lucero)",
      "Santa Juquila"
    ]
  },
  "22797": {
    "municipio": "Ensenada",
    "colonias": [
      "Francisco R. Serrano (Valle San Matías)",
      "Leyes de Reforma (El Rodeo)",
      "Lázaro Cárdenas (Valle de la Trinidad)",
      "Pocitos (Valle de la Trinidad)"
    ]
  },
  "22798": {
    "municipio": "Ensenada",
    "colonias": [
      "Aguacaliente (Baja Country Club)",
      "Esperanza (Cañón San Carlos)",
      "Parcela 32 (Nacionalista)",
      "Parcela 78 (Nacionalista)",
      "Parcela Número 64 (Ejido Nacionalista)",
      "San Carlos (Ejido Nacionalista)",
      "Santa Isabel (Cañón San Carlos)"
    ]
  },
  "22800": {
    "municipio": "Ensenada",
    "colonias": [
      "Sección Primera"
    ]
  },
  "22810": {
    "municipio": "Ensenada",
    "colonias": [
      "2 de Septiembre",
      "Arco iris",
      "Ejido Ruiz Cortines",
      "Las Lomitas",
      "Lomas y Jardines de Valle Verde",
      "Lomitas III",
      "Lomitas IV",
      "Luis Donaldo Colosio",
      "Lázaro Cárdenas 1",
      "Lázaro Cárdenas 2",
      "Margaritas",
      "Popular Valle Verde 1",
      "Victoria",
      "Villas del Cedro I",
      "Villas del Cedro II",
      "Villas del Cedro III"
    ]
  },
  "22812": {
    "municipio": "Ensenada",
    "colonias": [
      "Ampliación Popular 89",
      "Colinas de San Angel",
      "Del Mar",
      "Montemar",
      "Nuevo Reforma",
      "Nuevo Reforma II",
      "Popular 89",
      "Puesta de Sol",
      "Residencial Misiones",
      "San Rafael",
      "Vista Hermosa",
      "Vista al Sol"
    ]
  },
  "22813": {
    "municipio": "Ensenada",
    "colonias": [
      "Alta Mar",
      "Colinas de La Presa",
      "Colinas del Magisterio",
      "Colinas del Paraíso",
      "Cumbres de La Presa",
      "INFONAVIT Nuevo Milenio",
      "Lomas de la Presa",
      "Mar de Cortez",
      "Mar de Ensenada",
      "Misiones de Altamar",
      "Misiones de La Presa 1",
      "Misiones de La Presa 2",
      "Misiones del Paraíso",
      "Nuevo Milenio",
      "Residencial del Sol I",
      "Residencial del Sol II"
    ]
  },
  "22814": {
    "municipio": "Ensenada",
    "colonias": [
      "Puerto Azul",
      "Salvador Rosas Magallón"
    ]
  },
  "22818": {
    "municipio": "Ensenada",
    "colonias": [
      "Arboledas 2",
      "Arboledas 3",
      "Bosque de los Olivos",
      "Granjas Chapingo",
      "Las Fincas",
      "Mediterráneo"
    ]
  },
  "22819": {
    "municipio": "Ensenada",
    "colonias": [
      "Balcones de La Presa",
      "Los Encinos",
      "Misiones de La Presa",
      "Popular Valle Verde 2",
      "Residencial del Prado Dos",
      "Ricardo Flores Magón",
      "Rogelio Appel Chacón",
      "Villa Residencial del Prado"
    ]
  },
  "22820": {
    "municipio": "Ensenada",
    "colonias": [
      "Azteca",
      "Bellavista",
      "Benito Juárez",
      "Del Sol",
      "Empleados",
      "Estado de México",
      "Ignacio Allende",
      "Loma Linda",
      "Salinas de Gortari",
      "Sexto Ayuntamiento"
    ]
  },
  "22822": {
    "municipio": "Ensenada",
    "colonias": [
      "La Joyita",
      "Las Flores",
      "Las Peñitas"
    ]
  },
  "22823": {
    "municipio": "Ensenada",
    "colonias": [
      "Lomas del Paraíso",
      "Popular Emiliano Zapata"
    ]
  },
  "22830": {
    "municipio": "Ensenada",
    "colonias": [
      "28 de Agosto",
      "3 de Octubre",
      "Alisos Reforma",
      "Ampliación Revolución",
      "Bronce",
      "Camilo Flores",
      "FOVISSSTE 1a Sección",
      "FOVISSSTE 2a Sección",
      "FOVISSSTE 3a Sección",
      "FOVISSSTE 4a Sección",
      "Las Rosas",
      "Luis Echeverría Alvarez",
      "Misión",
      "México",
      "Obrera",
      "Piedras Negras",
      "Pro-hogar",
      "Reforma",
      "Revolución",
      "Santo Tomas",
      "Tercer Ayuntamiento",
      "Ulbrich"
    ]
  },
  "22835": {
    "municipio": "Ensenada",
    "colonias": [
      "Ampliación Reforma",
      "Residencial Lomas"
    ]
  },
  "22839": {
    "municipio": "Ensenada",
    "colonias": [
      "Los Laureles",
      "Magisterial La Presa",
      "Valle Verde",
      "Villafontana"
    ]
  },
  "22840": {
    "municipio": "Ensenada",
    "colonias": [
      "Aviación",
      "Bonifaz Popoff",
      "Bustamante",
      "Careaga",
      "Escritores",
      "Granados",
      "Independencia",
      "Jesús Munguia",
      "Los Maestros",
      "Niños Héroes"
    ]
  },
  "22842": {
    "municipio": "Ensenada",
    "colonias": [
      "17 de Abril",
      "Aguajito",
      "Ampliación Gómez Morín",
      "Contreras",
      "El Campanario",
      "Emiliano Zapata",
      "Gómez Morín",
      "Libertad",
      "Mar",
      "San Luis",
      "Villas del Roble"
    ]
  },
  "22847": {
    "municipio": "Ensenada",
    "colonias": [
      "Loma Dorada",
      "Lomas del Mar"
    ]
  },
  "22850": {
    "municipio": "Ensenada",
    "colonias": [
      "Francisco Villa I",
      "Francisco Villa II",
      "Granjas el Gallo",
      "Industrial",
      "Jalisco",
      "Los Olivos",
      "Manuel Márquez de León",
      "Residencial Los Álamos",
      "Terrazas el Gallo"
    ]
  },
  "22852": {
    "municipio": "Ensenada",
    "colonias": [
      "Esperanza",
      "San Sebastián",
      "Villa Bonita"
    ]
  },
  "22855": {
    "municipio": "Ensenada",
    "colonias": [
      "José María Morelos y Pavón"
    ]
  },
  "22859": {
    "municipio": "Ensenada",
    "colonias": [
      "Ampliación Manuel Márquez de León"
    ]
  },
  "22860": {
    "municipio": "Ensenada",
    "colonias": [
      "Coronita",
      "Miguel Alemán",
      "Moderna",
      "Pedregal Playitas",
      "Territorio Sur"
    ]
  },
  "22863": {
    "municipio": "Ensenada",
    "colonias": [
      "Las Palmas III"
    ]
  },
  "22870": {
    "municipio": "Ensenada",
    "colonias": [
      "Ampliación Chapultepec",
      "Chapultepec",
      "Comercial Chapultepec",
      "El Morro",
      "Ignacio Altamirano",
      "Quintas Papagayo",
      "San Marino"
    ]
  },
  "22873": {
    "municipio": "Ensenada",
    "colonias": [
      "Universidad Autónoma de Baja California",
      "Villa Cortez"
    ]
  },
  "22879": {
    "municipio": "Ensenada",
    "colonias": [
      "Ampliación Moderna"
    ]
  },
  "22880": {
    "municipio": "Ensenada",
    "colonias": [
      "Bahía",
      "Buenaventura",
      "Hidalgo",
      "Nueva Ensenada",
      "Playa de Ensenada",
      "Primera Sección",
      "Vivienda Popular"
    ]
  },
  "22887": {
    "municipio": "Ensenada",
    "colonias": [
      "Nueva Ensenada 2a Sección"
    ]
  },
  "22888": {
    "municipio": "Ensenada",
    "colonias": [
      "Buenaventura 2a Sección"
    ]
  },
  "22889": {
    "municipio": "Ensenada",
    "colonias": [
      "Ampliación Hidalgo"
    ]
  },
  "22890": {
    "municipio": "Ensenada",
    "colonias": [
      "Acapulco",
      "California",
      "Costa Azul",
      "Cuauhtémoc",
      "Josefa Ortiz de Domínguez",
      "Loma Linda",
      "Los Lagos",
      "Militar (23 de Noviembre)",
      "Playa Hermosa",
      "Valle Dorado",
      "Valle Dorado Sección Lagos",
      "Villa Colonial"
    ]
  },
  "22895": {
    "municipio": "Ensenada",
    "colonias": [
      "Adolfo Ruiz Cortines",
      "Rincón del Mar"
    ]
  },
  "22896": {
    "municipio": "Ensenada",
    "colonias": [
      "Puerta del Mar",
      "Puerta del Mar II"
    ]
  },
  "22897": {
    "municipio": "Ensenada",
    "colonias": [
      "Playa Todos Santos",
      "Punta Banda",
      "Punta Banda II"
    ]
  },
  "22898": {
    "municipio": "Ensenada",
    "colonias": [
      "Carlos Pacheco (Ayuntamiento)",
      "Costa Bella"
    ]
  },
  "22900": {
    "municipio": "Ensenada",
    "colonias": [
      "La Misión",
      "Las Misiones",
      "San Vicente"
    ]
  },
  "22903": {
    "municipio": "Ensenada",
    "colonias": [
      "Rodolfo Sánchez Taboada (El Calvario)",
      "San Jacinto"
    ]
  },
  "22904": {
    "municipio": "Ensenada",
    "colonias": [
      "Eréndira",
      "García",
      "Ignacio López Rayón",
      "Puerto San Isidro"
    ]
  },
  "22905": {
    "municipio": "Ensenada",
    "colonias": [
      "Alfredo V Bonfil",
      "Benito Juárez",
      "General Leandro Valle",
      "Llano Colorado"
    ]
  },
  "22906": {
    "municipio": "Ensenada",
    "colonias": [
      "El Morro",
      "Isla de Cedros"
    ]
  },
  "22908": {
    "municipio": "Ensenada",
    "colonias": [
      "27 de Enero",
      "Abelardo L. Rodríguez",
      "Brisas de San Telmo",
      "Generalísimo Morelos",
      "Héroes de Chapultepec",
      "La Providencia",
      "Las Brisas",
      "Las Tinajitas",
      "Licenciado Gustavo Díaz Ordaz",
      "López Zamora",
      "México (Parcela Número 10)",
      "San Telmo",
      "Trinidad Cardona",
      "Villa Morelos"
    ]
  },
  "22909": {
    "municipio": "Ensenada",
    "colonias": [
      "Jardines del Mar",
      "Punta Colnett (Punta Colonet)"
    ]
  },
  "22910": {
    "municipio": "San Quintín",
    "colonias": [
      "Ampliación Capricornio",
      "Benito Juárez",
      "Camalú",
      "Costa Mar",
      "Lomas de los Ángeles",
      "Martínez",
      "Monte Albán",
      "Santa Candelaria",
      "Tierra y Libertad"
    ]
  },
  "22914": {
    "municipio": "San Quintín",
    "colonias": [
      "El Bramadero (San Telmo)",
      "Hacienda Sinaloa"
    ]
  },
  "22915": {
    "municipio": "San Quintín",
    "colonias": [
      "Mesa de San Jacinto",
      "Rubén Jaramillo"
    ]
  },
  "22920": {
    "municipio": "San Quintín",
    "colonias": [
      "13 de Mayo",
      "Arenal",
      "Colinas del Valle",
      "El Colonial",
      "Emiliano Zapata",
      "Isabel Andrade",
      "La Bendición",
      "Las Misiones",
      "Lic. Luis Echeverría Álvarez (Chula Vista)",
      "Llamas",
      "Lomas Verdes",
      "Lomas de San Ramón (Triquis)",
      "Maclovio Rojas",
      "Militar Elpidio Berlanga de León",
      "Misión Santo Domingo",
      "Orfanatorio Cristo por su Mundo",
      "Playas de la Vicente Guerrero",
      "Rancho Contento",
      "Rancho Nuevo",
      "Reforma",
      "San Ramón",
      "Santa Fe",
      "Santa Fe Braulio Maldonado",
      "Santo Domingo",
      "Vicente Guerrero",
      "Zarahemla"
    ]
  },
  "22925": {
    "municipio": "San Quintín",
    "colonias": [
      "Nuevo Centro de Población Padre Kino"
    ]
  },
  "22930": {
    "municipio": "San Quintín",
    "colonias": [
      "3 Arbolitos",
      "Ampliación Nuevo Baja California",
      "Benito García",
      "Cachanilla",
      "Concordia",
      "El Paraíso",
      "Jardines del Valle",
      "Lázaro Cárdenas",
      "Morelos",
      "Nueva Era",
      "Nuevo Baja California",
      "Nuevo Mexicali",
      "Nuevo Mundo",
      "Parcela 12",
      "Paseo de San Quintín",
      "Pinos de Madrid Etapa 1",
      "Popular Carmona",
      "Popular San Quintín",
      "Praderas de San Quintín",
      "Raúl Sánchez Díaz",
      "Valle Dorado"
    ]
  },
  "22934": {
    "municipio": "San Quintín",
    "colonias": [
      "Chapala",
      "La Chorera"
    ]
  },
  "22937": {
    "municipio": "San Quintín",
    "colonias": [
      "Ampliación el Papalote",
      "El Papalote",
      "Esmeralda",
      "Juan María Salvatierra",
      "Lomas de Papalote",
      "Loreto",
      "Venustiano Carranza"
    ]
  },
  "22940": {
    "municipio": "San Quintín",
    "colonias": [
      "Las Flores",
      "Magisterial Sección Treinta y Siete",
      "San Fernando",
      "San Quintín",
      "Stokers"
    ]
  },
  "22943": {
    "municipio": "San Quintín",
    "colonias": [
      "General Leandro Valle",
      "Profesor Graciano Sánchez",
      "Pérez Chávez (Estado Veintinueve)",
      "San Francisco"
    ]
  },
  "22950": {
    "municipio": "San Quintín",
    "colonias": [
      "Francisco Villa (San Simón)",
      "Luis Rodríguez (El Vergel)",
      "San Simón de Arriba",
      "Santa María (Los Pinos)",
      "Venustiano Carranza (Santa María)"
    ]
  },
  "22951": {
    "municipio": "San Quintín",
    "colonias": [
      "José María Morelos"
    ]
  },
  "22952": {
    "municipio": "San Quintín",
    "colonias": [
      "El Pabellón",
      "El Socorrito",
      "El Socorro",
      "Nueva Odisea (El Pabellón)",
      "Valle Tranquilo"
    ]
  },
  "22955": {
    "municipio": "San Quintín",
    "colonias": [
      "El Rosarito"
    ]
  },
  "22960": {
    "municipio": "San Quintín",
    "colonias": [
      "El Rosario de Abajo",
      "El Rosario de Arriba",
      "Nuevo Uruapan"
    ]
  },
  "22964": {
    "municipio": "San Quintín",
    "colonias": [
      "Guayaquil"
    ]
  },
  "22965": {
    "municipio": "San Quintín",
    "colonias": [
      "Cataviña",
      "Santa Inés"
    ]
  },
  "22967": {
    "municipio": "San Quintín",
    "colonias": [
      "Santa Catarina"
    ]
  },
  "22970": {
    "municipio": "San Quintín",
    "colonias": [
      "Punta Prieta"
    ]
  },
  "22973": {
    "municipio": "San Quintín",
    "colonias": [
      "San José de las Palomas"
    ]
  },
  "22974": {
    "municipio": "San Quintín",
    "colonias": [
      "Chapala"
    ]
  },
  "22980": {
    "municipio": "San Quintín",
    "colonias": [
      "Bahía de los Ángeles"
    ]
  },
  "22993": {
    "municipio": "San Quintín",
    "colonias": [
      "21/o Regimiento de Caballería"
    ]
  },
  "22994": {
    "municipio": "San Quintín",
    "colonias": [
      "José María Morelos y Pavón",
      "Villa Jesús María"
    ]
  },
  "22995": {
    "municipio": "San Quintín",
    "colonias": [
      "Nuevo Rosarito",
      "Santa Rosaliíta"
    ]
  },
  "22997": {
    "municipio": "San Quintín",
    "colonias": [
      "El Barril"
    ]
  }
}