{
  "28000": {
    "municipio": "Colima",
    "colonias": [
      "Colima Centro"
    ]
  },
  "28010": {
    "municipio": "Colima",
    "colonias": [
      "Lomas de Circunvalación",
      "Militar Lomas"
    ]
  },
  "28014": {
    "municipio": "Colima",
    "colonias": [
      "Jardines de las Lomas"
    ]
  },
  "28016": {
    "municipio": "Colima",
    "colonias": [
      "Lomas Vistahermosa"
    ]
  },
  "28017": {
    "municipio": "Colima",
    "colonias": [
      "Bugambilias",
      "Colinas de Santa Bárbara",
      "Colinas de Santa Fe",
      "Jardines Vista Hermosa",
      "Jardines de La Hacienda",
      "Las Palmas",
      "Lomas Verdes",
      "Lomas del Valle",
      "Parque Royal",
      "Paseo de la Cantera",
      "Paseo de la Hacienda",
      "Privada San Rafael",
      "Residencial Esmeralda",
      "Residencial Esmeralda Norte",
      "Residencial Los Olivos",
      "Residencial Puerta del Sol",
      "Residencial Real Santa Bárbara",
      "Residencial Santa Bárbara",
      "Residencial Valle Verde",
      "Residencial Victoria",
      "Rincón del Colibrí",
      "Santa Gertrudis",
      "Villanova",
      "Villas Colinas"
    ]
  },
  "28018": {
    "municipio": "Colima",
    "colonias": [
      "El Diezmo",
      "Girasoles",
      "Hacienda Real",
      "La Cantera",
      "Las Pérgolas",
      "Puerta Paraíso",
      "Real Vista Hermosa",
      "Real Vista Hermosa III",
      "Residencial Santa María",
      "Valle Dorado"
    ]
  },
  "28019": {
    "municipio": "Colima",
    "colonias": [
      "El Porvenir",
      "Puerta del Camino Real"
    ]
  },
  "28020": {
    "municipio": "Colima",
    "colonias": [
      "La Armonía"
    ]
  },
  "28023": {
    "municipio": "Colima",
    "colonias": [
      "Jardines de Guadalupe"
    ]
  },
  "28025": {
    "municipio": "Colima",
    "colonias": [
      "Niños Héroes",
      "Villa los Prados"
    ]
  },
  "28030": {
    "municipio": "Colima",
    "colonias": [
      "Guadalajarita",
      "Jardines Residenciales",
      "Jardines de La Corregidora",
      "Magisterial",
      "Morelos"
    ]
  },
  "28035": {
    "municipio": "Colima",
    "colonias": [
      "Huertas del Sol"
    ]
  },
  "28037": {
    "municipio": "Colima",
    "colonias": [
      "Hidalgo"
    ]
  },
  "28040": {
    "municipio": "Colima",
    "colonias": [
      "Burócratas Municipales",
      "Camino Real",
      "INFONAVIT La Estancia",
      "Las Víboras"
    ]
  },
  "28043": {
    "municipio": "Colima",
    "colonias": [
      "INFONAVIT Camino Real"
    ]
  },
  "28044": {
    "municipio": "Colima",
    "colonias": [
      "FOVISSSTE"
    ]
  },
  "28045": {
    "municipio": "Colima",
    "colonias": [
      "Villa San Sebastián"
    ]
  },
  "28046": {
    "municipio": "Colima",
    "colonias": [
      "Oriental"
    ]
  },
  "28047": {
    "municipio": "Colima",
    "colonias": [
      "Andares del Jazmín",
      "Camino Real",
      "Diamantes",
      "El Mirador de Colima",
      "Francisco I Madero",
      "IKAL",
      "Jardines de La Estancia",
      "Josefa Ortiz de Domínguez",
      "La Virgencita",
      "Las Américas",
      "Lomas de Santa Elena",
      "Luis Donaldo Colosio",
      "Lázaro Cárdenas",
      "Margaritas",
      "Real la Floresta",
      "Revolución",
      "Rivera del Jazmín",
      "San José Norte",
      "Santa Elena",
      "Unidad Antorchista",
      "Villa de los Pinos"
    ]
  },
  "28048": {
    "municipio": "Colima",
    "colonias": [
      "Cardona",
      "Cuauhtémoc",
      "El Pedregal",
      "Gustavo Vázquez Montes",
      "Ignacio Zaragoza",
      "Insurgentes",
      "Jardines del Sol",
      "La Estancia",
      "La Guadalupe",
      "Los Jazmines",
      "Los Ángeles",
      "Mirador de La Cumbre",
      "Mirador de La Cumbre II",
      "Mirador de La Cumbre III",
      "Moctezuma",
      "Nuevo Milenio",
      "Nuevo Paraíso",
      "Paraíso",
      "San José Sur",
      "San Rafael",
      "Santa Amalia",
      "Vicente Guerrero"
    ]
  },
  "28050": {
    "municipio": "Colima",
    "colonias": [
      "Fátima",
      "Placetas Estadio",
      "Privada San Francisco",
      "Rincón del Bosque",
      "Villas Primaveras",
      "Villas del Bosque"
    ]
  },
  "28060": {
    "municipio": "Colima",
    "colonias": [
      "El Moralete",
      "Residencial San Pablo"
    ]
  },
  "28063": {
    "municipio": "Colima",
    "colonias": [
      "Francisco Villa",
      "Las Haciendas",
      "Los Volcanes",
      "Rinconada San Pablo",
      "San Carlos",
      "Santa Gertrudis"
    ]
  },
  "28067": {
    "municipio": "Colima",
    "colonias": [
      "De los Trabajadores"
    ]
  },
  "28070": {
    "municipio": "Colima",
    "colonias": [
      "Benito Juárez",
      "Del Periodista",
      "Los Viveros",
      "Patios de Ferrocarril",
      "Popular"
    ]
  },
  "28075": {
    "municipio": "Colima",
    "colonias": [
      "Hacienda El Balcón",
      "Parque Industrial"
    ]
  },
  "28077": {
    "municipio": "Colima",
    "colonias": [
      "Arboledas",
      "José Pimentel Llerenas",
      "Rinconada del Pereyra"
    ]
  },
  "28078": {
    "municipio": "Colima",
    "colonias": [
      "Arboledas de La Hacienda",
      "El Prado",
      "El Yaqui",
      "INDECO Albarrada",
      "Jardines de las Fuentes",
      "La Albarrada",
      "La Rivera",
      "Las Fuentes",
      "Real de Don Juan",
      "Residencial Prados del Sur",
      "Valle Real"
    ]
  },
  "28079": {
    "municipio": "Colima",
    "colonias": [
      "Gregorio Torres Quintero",
      "Parajes del Sur",
      "Puerta del Valle",
      "Villas del Sur"
    ]
  },
  "28080": {
    "municipio": "Colima",
    "colonias": [
      "El Tivoli"
    ]
  },
  "28085": {
    "municipio": "Colima",
    "colonias": [
      "El Alpuyeque",
      "Juana de Asbaje",
      "La Esperanza",
      "Los Sauces"
    ]
  },
  "28089": {
    "municipio": "Colima",
    "colonias": [
      "Bosques del Sur",
      "Leonardo B Gutiérrez",
      "Quinta El Tívoli"
    ]
  },
  "28090": {
    "municipio": "Colima",
    "colonias": [
      "El Tecolote",
      "Las Bugambilias"
    ]
  },
  "28100": {
    "municipio": "Tecomán",
    "colonias": [
      "Tecomán Centro"
    ]
  },
  "28110": {
    "municipio": "Tecomán",
    "colonias": [
      "Josefa Ortiz de Domínguez",
      "Manuel Álvarez",
      "Miguel Hidalgo",
      "Reyes Heroles",
      "Tepeyac"
    ]
  },
  "28113": {
    "municipio": "Tecomán",
    "colonias": [
      "Elba Cecilia Vega"
    ]
  },
  "28114": {
    "municipio": "Tecomán",
    "colonias": [
      "Amalia Solórzano"
    ]
  },
  "28120": {
    "municipio": "Tecomán",
    "colonias": [
      "Cofradía de Juárez",
      "Noriega Pizano",
      "Valle Querido",
      "Valle las Palmas"
    ]
  },
  "28123": {
    "municipio": "Tecomán",
    "colonias": [
      "Real del Bosque",
      "Real del Valle"
    ]
  },
  "28130": {
    "municipio": "Tecomán",
    "colonias": [
      "Francisco Villa",
      "Fátima",
      "La Unión",
      "Vicente Guerrero",
      "Villas del Sol"
    ]
  },
  "28133": {
    "municipio": "Tecomán",
    "colonias": [
      "Hacienda la Loma",
      "Loma Bonita"
    ]
  },
  "28134": {
    "municipio": "Tecomán",
    "colonias": [
      "El Limonero",
      "Griselda Álvarez",
      "Las Flores",
      "Luis Donaldo Colosio",
      "Lázaro Cárdenas",
      "Lázaro Cárdenas II",
      "Niños Héroes",
      "Palma Real",
      "San Ignacio",
      "Santa Elena",
      "Sor Juana Inés de La Cruz",
      "Álvaro Obregón"
    ]
  },
  "28140": {
    "municipio": "Tecomán",
    "colonias": [
      "El Chamizal",
      "INFONAVIT Las Huertas",
      "Jardines de Tecomán",
      "Jardines del Chamizal",
      "La Floresta",
      "San Isidro",
      "Villa Florida"
    ]
  },
  "28143": {
    "municipio": "Tecomán",
    "colonias": [
      "La Cuarta"
    ]
  },
  "28150": {
    "municipio": "Tecomán",
    "colonias": [
      "Benito Juárez",
      "La Palmita"
    ]
  },
  "28159": {
    "municipio": "Tecomán",
    "colonias": [
      "INFONAVIT Las Palmas"
    ]
  },
  "28160": {
    "municipio": "Tecomán",
    "colonias": [
      "Estatuto Jurídico",
      "Pablo Silva García",
      "Ponciano Arriaga",
      "Sedena Militar"
    ]
  },
  "28170": {
    "municipio": "Tecomán",
    "colonias": [
      "Indeco",
      "Libertad",
      "Parque Las Flores (Elias Zamora Verduzco)"
    ]
  },
  "28180": {
    "municipio": "Tecomán",
    "colonias": [
      "Bugambilias",
      "La Floresta II",
      "Las Palmas",
      "Primaveras del Real",
      "San Miguel",
      "Villa del Centenario",
      "Villas del Rey"
    ]
  },
  "28184": {
    "municipio": "Tecomán",
    "colonias": [
      "San Carlos"
    ]
  },
  "28189": {
    "municipio": "Tecomán",
    "colonias": [
      "88 Batallón de Infantería"
    ]
  },
  "28190": {
    "municipio": "Tecomán",
    "colonias": [
      "Gustavo Díaz Ordaz",
      "Llanos de San José",
      "San José",
      "Tuxpan"
    ]
  },
  "28200": {
    "municipio": "Manzanillo",
    "colonias": [
      "Manzanillo Centro"
    ]
  },
  "28209": {
    "municipio": "Manzanillo",
    "colonias": [
      "Manzanillo (Playa de Oro)"
    ]
  },
  "28218": {
    "municipio": "Manzanillo",
    "colonias": [
      "Aeroméxico",
      "Brisas",
      "Del Mar",
      "Del Pacífico",
      "Fovissste",
      "INFONAVIT Brisas del Mar",
      "Las Brisas",
      "Las Garzas",
      "Morelos",
      "Playa Azul",
      "Vista Roca"
    ]
  },
  "28219": {
    "municipio": "Manzanillo",
    "colonias": [
      "Barrio 5",
      "Conjunto Primaveras",
      "Costa Azul",
      "Del Sol",
      "FETSE",
      "Ibiza",
      "La Esperanza",
      "Lomas del Valle",
      "Los Ciruelos",
      "Los Corales",
      "Palma Real",
      "Parque industrial FONDEPORT",
      "Playa Blanca",
      "Playa Esmeralda",
      "Playa Real",
      "Playa de Oro",
      "Ponte Vedra Residencial",
      "Puerta de Hierro",
      "Real Acuamarina",
      "Residencial Las Arekas",
      "Residencial Pelícanos",
      "Residencial Villa del Mar",
      "Residencial las Gaviotas",
      "Rinconada del Valle",
      "Soleares",
      "Torremolinos",
      "Valle Dorado",
      "Valle Esmeralda",
      "Valle de las Garzas I",
      "Valle de las Garzas ll",
      "Villa Bonita Residencial",
      "Villa Caracol",
      "Villa Florencia",
      "Villa Mar",
      "Villa Océano",
      "Viña del Mar"
    ]
  },
  "28230": {
    "municipio": "Manzanillo",
    "colonias": [
      "El Rocío",
      "Ignacio Zaragoza",
      "Las Joyas"
    ]
  },
  "28236": {
    "municipio": "Manzanillo",
    "colonias": [
      "Manzanillo"
    ]
  },
  "28237": {
    "municipio": "Manzanillo",
    "colonias": [
      "Benito Juárez",
      "La Gasera",
      "Las Torres",
      "Leandro Valle",
      "Punta Grande"
    ]
  },
  "28238": {
    "municipio": "Manzanillo",
    "colonias": [
      "Bellavista"
    ]
  },
  "28239": {
    "municipio": "Manzanillo",
    "colonias": [
      "16 de Septiembre",
      "INDECO",
      "Isla Real",
      "La Negrita",
      "Loma Alta",
      "Lomas de Gregorio Figueroa",
      "Primavera",
      "San Carlos",
      "Tapeixtles"
    ]
  },
  "28240": {
    "municipio": "Manzanillo",
    "colonias": [
      "Punta Chica"
    ]
  },
  "28250": {
    "municipio": "Manzanillo",
    "colonias": [
      "Burócrata"
    ]
  },
  "28259": {
    "municipio": "Manzanillo",
    "colonias": [
      "San Pedrito"
    ]
  },
  "28260": {
    "municipio": "Manzanillo",
    "colonias": [
      "Libertad"
    ]
  },
  "28269": {
    "municipio": "Manzanillo",
    "colonias": [
      "Alameda",
      "Cuauhtémoc",
      "Sector 5"
    ]
  },
  "28270": {
    "municipio": "Manzanillo",
    "colonias": [
      "Padre Hidalgo"
    ]
  },
  "28278": {
    "municipio": "Manzanillo",
    "colonias": [
      "Pedregoza"
    ]
  },
  "28279": {
    "municipio": "Manzanillo",
    "colonias": [
      "Bonanza"
    ]
  },
  "28300": {
    "municipio": "Armería",
    "colonias": [
      "Armería Centro"
    ]
  },
  "28304": {
    "municipio": "Armería",
    "colonias": [
      "Cristo Rey",
      "Lindavista",
      "Lázaro Cárdenas"
    ]
  },
  "28305": {
    "municipio": "Armería",
    "colonias": [
      "Ejido"
    ]
  },
  "28306": {
    "municipio": "Armería",
    "colonias": [
      "Emiliano Zapata",
      "Independencia"
    ]
  },
  "28307": {
    "municipio": "Armería",
    "colonias": [
      "El Arenal",
      "El Campanario",
      "El Pelillo",
      "Gregorio Torres Quintero",
      "Hacienda las Primaveras",
      "Sagrado Corazón",
      "Valle del Sol"
    ]
  },
  "28310": {
    "municipio": "Armería",
    "colonias": [
      "Rincón de López"
    ]
  },
  "28313": {
    "municipio": "Armería",
    "colonias": [
      "El Banco de Jicotán"
    ]
  },
  "28315": {
    "municipio": "Armería",
    "colonias": [
      "El Puertecito"
    ]
  },
  "28317": {
    "municipio": "Armería",
    "colonias": [
      "Augusto Gómez Villanueva (Coalatilla)"
    ]
  },
  "28320": {
    "municipio": "Armería",
    "colonias": [
      "Cofradía de Juárez"
    ]
  },
  "28330": {
    "municipio": "Armería",
    "colonias": [
      "Flor de Coco",
      "Periquillo"
    ]
  },
  "28340": {
    "municipio": "Armería",
    "colonias": [
      "Los Reyes (Zorrillos)"
    ]
  },
  "28350": {
    "municipio": "Armería",
    "colonias": [
      "Cuyutlán",
      "El Paraíso [Balneario]"
    ]
  },
  "28400": {
    "municipio": "Coquimatlán",
    "colonias": [
      "Agua Zarca",
      "Camichines",
      "Cazumba",
      "Coquimatlán",
      "El Chical",
      "Elías Zamora Verduzco",
      "Emiliano Zapata",
      "Jala",
      "Jardines del Llano",
      "La Esperanza",
      "La Sidra",
      "Las Higueras",
      "Las Moras",
      "San Miguel",
      "Santa Rita",
      "Valle de las Huertas"
    ]
  },
  "28402": {
    "municipio": "Coquimatlán",
    "colonias": [
      "El Poblado"
    ]
  },
  "28403": {
    "municipio": "Coquimatlán",
    "colonias": [
      "Los Limones"
    ]
  },
  "28405": {
    "municipio": "Coquimatlán",
    "colonias": [
      "El Algodonal"
    ]
  },
  "28410": {
    "municipio": "Coquimatlán",
    "colonias": [
      "Juárez (La Magdalena)"
    ]
  },
  "28450": {
    "municipio": "Comala",
    "colonias": [
      "Barrio Alto",
      "Campestre Comala",
      "Campo Verde",
      "Celsa Virgen",
      "Comala",
      "Cuauhtémoc",
      "Ex-Hacienda de Nogueras Residencial",
      "Francisco Ramírez Villarreal",
      "La Cañada",
      "La Trinidad",
      "Lomas Altas",
      "Lomas de Comala",
      "Lomas del Pedregal",
      "Los Aguajes",
      "Los Llanitos",
      "Lázaro Cárdenas",
      "Miguel de La Madrid Hurtado",
      "Real Nogueras",
      "Real de Mendoza",
      "Santa Cecilia",
      "Solidaridad Aguajitos",
      "Zacualpan"
    ]
  },
  "28452": {
    "municipio": "Comala",
    "colonias": [
      "La Caja"
    ]
  },
  "28454": {
    "municipio": "Comala",
    "colonias": [
      "La Yerbabuena",
      "Nogueras"
    ]
  },
  "28459": {
    "municipio": "Comala",
    "colonias": [
      "Suchitlán"
    ]
  },
  "28460": {
    "municipio": "Comala",
    "colonias": [
      "Cofradía de Suchitlán",
      "La Nogalera"
    ]
  },
  "28461": {
    "municipio": "Comala",
    "colonias": [
      "El Remate"
    ]
  },
  "28462": {
    "municipio": "Comala",
    "colonias": [
      "Lagunitas"
    ]
  },
  "28463": {
    "municipio": "Comala",
    "colonias": [
      "Hacienda de San Antonio"
    ]
  },
  "28464": {
    "municipio": "Comala",
    "colonias": [
      "La Becerrera",
      "La María"
    ]
  },
  "28465": {
    "municipio": "Comala",
    "colonias": [
      "Los Colomos"
    ]
  },
  "28466": {
    "municipio": "Comala",
    "colonias": [
      "Agosto",
      "Colomitos",
      "El Remudadero"
    ]
  },
  "28469": {
    "municipio": "Comala",
    "colonias": [
      "Campo Cuatro"
    ]
  },
  "28500": {
    "municipio": "Cuauhtémoc",
    "colonias": [
      "Cuauhtémoc",
      "El Toreo"
    ]
  },
  "28504": {
    "municipio": "Cuauhtémoc",
    "colonias": [
      "Campestre San Jerónimo",
      "Griselda Alvarez Ponce de León",
      "La Cayetana",
      "La Escondida",
      "La Presa",
      "Lomas Santa Cruz",
      "Los Monos",
      "San Rafael"
    ]
  },
  "28506": {
    "municipio": "Cuauhtémoc",
    "colonias": [
      "Emiliano Zapata",
      "San Jerónimo"
    ]
  },
  "28507": {
    "municipio": "Cuauhtémoc",
    "colonias": [
      "Las Higueras",
      "Valle Real"
    ]
  },
  "28510": {
    "municipio": "Cuauhtémoc",
    "colonias": [
      "Quesería",
      "Santa Mariana"
    ]
  },
  "28513": {
    "municipio": "Cuauhtémoc",
    "colonias": [
      "El Arenal",
      "Ermita",
      "México"
    ]
  },
  "28514": {
    "municipio": "Cuauhtémoc",
    "colonias": [
      "La Cruz"
    ]
  },
  "28515": {
    "municipio": "Cuauhtémoc",
    "colonias": [
      "Concepción Barbosa"
    ]
  },
  "28516": {
    "municipio": "Cuauhtémoc",
    "colonias": [
      "Arsenio Farell Cubillas"
    ]
  },
  "28517": {
    "municipio": "Cuauhtémoc",
    "colonias": [
      "Solidaridad"
    ]
  },
  "28520": {
    "municipio": "Cuauhtémoc",
    "colonias": [
      "Alcaraces"
    ]
  },
  "28521": {
    "municipio": "Cuauhtémoc",
    "colonias": [
      "Palmillas"
    ]
  },
  "28522": {
    "municipio": "Cuauhtémoc",
    "colonias": [
      "El Barro"
    ]
  },
  "28523": {
    "municipio": "Cuauhtémoc",
    "colonias": [
      "Cerro Colorado"
    ]
  },
  "28530": {
    "municipio": "Cuauhtémoc",
    "colonias": [
      "Altozano",
      "Chiapa",
      "Ocotillo"
    ]
  },
  "28531": {
    "municipio": "Cuauhtémoc",
    "colonias": [
      "Montitlán"
    ]
  },
  "28550": {
    "municipio": "Cuauhtémoc",
    "colonias": [
      "El Campanario",
      "El Trapiche",
      "Lagunilla",
      "San Joaquín"
    ]
  },
  "28553": {
    "municipio": "Cuauhtémoc",
    "colonias": [
      "El Cóbano"
    ]
  },
  "28554": {
    "municipio": "Cuauhtémoc",
    "colonias": [
      "El Parián"
    ]
  },
  "28555": {
    "municipio": "Cuauhtémoc",
    "colonias": [
      "La Palma"
    ]
  },
  "28557": {
    "municipio": "Cuauhtémoc",
    "colonias": [
      "ISENCO"
    ]
  },
  "28590": {
    "municipio": "Cuauhtémoc",
    "colonias": [
      "Buenavista"
    ]
  },
  "28597": {
    "municipio": "Cuauhtémoc",
    "colonias": [
      "Bajío de la Leona",
      "Estación Alzada"
    ]
  },
  "28599": {
    "municipio": "Cuauhtémoc",
    "colonias": [
      "Colima (Lic. Miguel de la Madrid Hurtado)"
    ]
  },
  "28600": {
    "municipio": "Colima",
    "colonias": [
      "El Amarradero",
      "Estapilla",
      "Los Tepames",
      "Piscila",
      "Puerta de Ánzar",
      "Ticuizitán",
      "Tinajas"
    ]
  },
  "28610": {
    "municipio": "Colima",
    "colonias": [
      "El Chanal"
    ]
  },
  "28613": {
    "municipio": "Colima",
    "colonias": [
      "La Capacha"
    ]
  },
  "28620": {
    "municipio": "Colima",
    "colonias": [
      "Ejidal",
      "J. Jesús Ríos",
      "Lo de Villa"
    ]
  },
  "28626": {
    "municipio": "Colima",
    "colonias": [
      "El Alpuyequito"
    ]
  },
  "28627": {
    "municipio": "Colima",
    "colonias": [
      "Loma de Juárez (El Mezquite)"
    ]
  },
  "28628": {
    "municipio": "Colima",
    "colonias": [
      "Los Mezcales"
    ]
  },
  "28629": {
    "municipio": "Colima",
    "colonias": [
      "Las Golondrinas"
    ]
  },
  "28630": {
    "municipio": "Colima",
    "colonias": [
      "El Bordo"
    ]
  },
  "28633": {
    "municipio": "Colima",
    "colonias": [
      "La Media Luna"
    ]
  },
  "28634": {
    "municipio": "Colima",
    "colonias": [
      "El Astillero de Abajo",
      "El Astillero de Arriba",
      "Trapichillos"
    ]
  },
  "28635": {
    "municipio": "Colima",
    "colonias": [
      "La Loma de Ignacio Allende"
    ]
  },
  "28638": {
    "municipio": "Colima",
    "colonias": [
      "Corralitos"
    ]
  },
  "28640": {
    "municipio": "Colima",
    "colonias": [
      "Los Asmoles"
    ]
  },
  "28645": {
    "municipio": "Colima",
    "colonias": [
      "Acatitán"
    ]
  },
  "28646": {
    "municipio": "Colima",
    "colonias": [
      "Las Guásimas (Las Borregas)"
    ]
  },
  "28647": {
    "municipio": "Colima",
    "colonias": [
      "Los Ortices"
    ]
  },
  "28650": {
    "municipio": "Colima",
    "colonias": [
      "Paso del Zarco"
    ]
  },
  "28655": {
    "municipio": "Colima",
    "colonias": [
      "La Higuerita"
    ]
  },
  "28656": {
    "municipio": "Colima",
    "colonias": [
      "Las Tunas"
    ]
  },
  "28700": {
    "municipio": "Ixtlahuacán",
    "colonias": [
      "11 Pueblos",
      "6 de Enero",
      "Carlos de la Madrid Virgen",
      "Daniel Contreras Lara",
      "Ixtlahuacán",
      "Los Gobernadores",
      "Mojotal"
    ]
  },
  "28703": {
    "municipio": "Ixtlahuacán",
    "colonias": [
      "Jiliotupa"
    ]
  },
  "28704": {
    "municipio": "Ixtlahuacán",
    "colonias": [
      "Las Trancas"
    ]
  },
  "28705": {
    "municipio": "Ixtlahuacán",
    "colonias": [
      "La Presa (Barranca del Rebozo)",
      "Lázaro Cárdenas"
    ]
  },
  "28720": {
    "municipio": "Ixtlahuacán",
    "colonias": [
      "Aquiles Serdán (Tamala)"
    ]
  },
  "28724": {
    "municipio": "Ixtlahuacán",
    "colonias": [
      "San Gabriel"
    ]
  },
  "28730": {
    "municipio": "Ixtlahuacán",
    "colonias": [
      "Chamila",
      "La Tunita",
      "Santa Inés",
      "Zinacamitlán (Los Chicos)"
    ]
  },
  "28733": {
    "municipio": "Ixtlahuacán",
    "colonias": [
      "La Tepamera",
      "Las Anonas"
    ]
  },
  "28734": {
    "municipio": "Ixtlahuacán",
    "colonias": [
      "Agua de la Virgen",
      "El Camichín (Veintiséis de Julio)"
    ]
  },
  "28735": {
    "municipio": "Ixtlahuacán",
    "colonias": [
      "El Capire",
      "Higueras de Santa Rosa",
      "Las Conchas"
    ]
  },
  "28736": {
    "municipio": "Ixtlahuacán",
    "colonias": [
      "El Galaje"
    ]
  },
  "28750": {
    "municipio": "Minatitlán",
    "colonias": [
      "27 de Octubre",
      "Carlos de La Madrid Vejar",
      "Infonavit",
      "Los Mangos",
      "Minatitlán",
      "Palo Verde",
      "Progreso"
    ]
  },
  "28760": {
    "municipio": "Minatitlán",
    "colonias": [
      "Agua Salada",
      "La Loma"
    ]
  },
  "28765": {
    "municipio": "Minatitlán",
    "colonias": [
      "Peña Colorada (Fierro)"
    ]
  },
  "28766": {
    "municipio": "Minatitlán",
    "colonias": [
      "La Playa (La Playita)"
    ]
  },
  "28767": {
    "municipio": "Minatitlán",
    "colonias": [
      "Paticajo"
    ]
  },
  "28770": {
    "municipio": "Minatitlán",
    "colonias": [
      "El Sauz"
    ]
  },
  "28772": {
    "municipio": "Minatitlán",
    "colonias": [
      "El Terrero"
    ]
  },
  "28773": {
    "municipio": "Minatitlán",
    "colonias": [
      "San Antonio"
    ]
  },
  "28774": {
    "municipio": "Minatitlán",
    "colonias": [
      "Ranchitos"
    ]
  },
  "28780": {
    "municipio": "Minatitlán",
    "colonias": [
      "El Arrayanal"
    ]
  },
  "28784": {
    "municipio": "Minatitlán",
    "colonias": [
      "Agua Fría",
      "El Nogal",
      "Las Guásimas",
      "Potrero Grande"
    ]
  },
  "28800": {
    "municipio": "Manzanillo",
    "colonias": [
      "20 de Noviembre",
      "5 de Mayo",
      "Arturo Noriega Pizano",
      "El Garcero",
      "El Libramiento",
      "El Paraíso",
      "La Calma",
      "La Cima del Progreso",
      "La Lupita",
      "La Playita",
      "Las Juntas (La Floreña)",
      "Lázaro Cárdenas",
      "López Mateos",
      "Marina Nacional",
      "María Luisa Campero",
      "Miguel de La Madrid",
      "Residencial el Colomo",
      "San Francisco",
      "Zona Centro El Colomo"
    ]
  },
  "28807": {
    "municipio": "Manzanillo",
    "colonias": [
      "Lic. Luis Echeverría Álvarez"
    ]
  },
  "28808": {
    "municipio": "Manzanillo",
    "colonias": [
      "Aquarium",
      "Villa Florida"
    ]
  },
  "28809": {
    "municipio": "Manzanillo",
    "colonias": [
      "Campos"
    ]
  },
  "28810": {
    "municipio": "Manzanillo",
    "colonias": [
      "Lomas de Ávila Camacho",
      "Los Cedros"
    ]
  },
  "28812": {
    "municipio": "Manzanillo",
    "colonias": [
      "El Huizcolote"
    ]
  },
  "28813": {
    "municipio": "Manzanillo",
    "colonias": [
      "Ciruelito de la Marina"
    ]
  },
  "28814": {
    "municipio": "Manzanillo",
    "colonias": [
      "Camichín"
    ]
  },
  "28815": {
    "municipio": "Manzanillo",
    "colonias": [
      "Canoas",
      "Puertecito de Lajas"
    ]
  },
  "28817": {
    "municipio": "Manzanillo",
    "colonias": [
      "La Rosa de San José de Lúmber",
      "San José de Lúmber (Piedra Redonda)"
    ]
  },
  "28820": {
    "municipio": "Manzanillo",
    "colonias": [
      "Veladero de los Otates"
    ]
  },
  "28825": {
    "municipio": "Manzanillo",
    "colonias": [
      "Aserradero de la Lima"
    ]
  },
  "28826": {
    "municipio": "Manzanillo",
    "colonias": [
      "Don Tomás"
    ]
  },
  "28830": {
    "municipio": "Manzanillo",
    "colonias": [
      "El Chavarín"
    ]
  },
  "28833": {
    "municipio": "Manzanillo",
    "colonias": [
      "El Charco"
    ]
  },
  "28834": {
    "municipio": "Manzanillo",
    "colonias": [
      "Río Marabasco"
    ]
  },
  "28836": {
    "municipio": "Manzanillo",
    "colonias": [
      "Emiliano Zapata"
    ]
  },
  "28838": {
    "municipio": "Manzanillo",
    "colonias": [
      "El Centinela de Arriba",
      "Isla Navidad",
      "La Culebra (Colimilla)"
    ]
  },
  "28840": {
    "municipio": "Manzanillo",
    "colonias": [
      "Chandiablo"
    ]
  },
  "28850": {
    "municipio": "Manzanillo",
    "colonias": [
      "Camotlán de Miraflores"
    ]
  },
  "28855": {
    "municipio": "Manzanillo",
    "colonias": [
      "Veladero de Camotlán"
    ]
  },
  "28860": {
    "municipio": "Manzanillo",
    "colonias": [
      "La Querencia",
      "Olas Altas",
      "Santiago"
    ]
  },
  "28863": {
    "municipio": "Manzanillo",
    "colonias": [
      "Abelardo L. Rodríguez",
      "Bahía Azul",
      "Barrio Nuevo",
      "Colinas de Santiago",
      "El Cerrito",
      "El Jabalí",
      "Francisco Villa",
      "La Cruz",
      "Las Flores",
      "Obradores",
      "Pedro Núñez",
      "Perla de Occidente",
      "Porfirio Gaytán",
      "San Isidro Labrador",
      "San Martín",
      "Vista del Mar"
    ]
  },
  "28864": {
    "municipio": "Manzanillo",
    "colonias": [
      "Almendros Residencial II",
      "Azul Marino Residencial",
      "Cantamar",
      "Country Club",
      "Del Mar",
      "Deportiva",
      "Hacienda Santa Clara",
      "Hermosa Provincia",
      "Jardines de Salagua",
      "Jardines de Santiago",
      "La Joya I",
      "Las Camelinas",
      "Las Huertas",
      "Loma del Mar",
      "Lomas Verdes",
      "Lomas de Santiago",
      "Montebello",
      "Natura Pacífico",
      "Obrera",
      "Paseo del Mar",
      "Santa Carolina",
      "Sol del Pacífico",
      "Valle Alto",
      "Valle Dorado",
      "Valle del Coral",
      "Villas del Pacífico",
      "Viveros Pelayo"
    ]
  },
  "28865": {
    "municipio": "Manzanillo",
    "colonias": [
      "Jardines del Valle",
      "La Floresta",
      "Lomas del Carmen",
      "Los Altos",
      "Miravalle",
      "Monte Orquídea",
      "Nuevo el Petatero",
      "Orquídeas Residencial",
      "Residencial San Miguel",
      "Senderos",
      "Terraplena",
      "Valle Paraíso"
    ]
  },
  "28867": {
    "municipio": "Manzanillo",
    "colonias": [
      "Bugambilias",
      "La Punta",
      "Las Hadas",
      "Península de Santiago",
      "Salagua",
      "Villas del Faro",
      "Villas del Palmar"
    ]
  },
  "28868": {
    "municipio": "Manzanillo",
    "colonias": [
      "Club Maeva",
      "Club Santiago",
      "Ejidal Miramar",
      "El Naranjo",
      "Esperanza de Miramar",
      "La Central",
      "La Joya",
      "Maravillas del Campo",
      "Nuevo Miramar",
      "Real de Santiago",
      "Real del Country"
    ]
  },
  "28869": {
    "municipio": "Manzanillo",
    "colonias": [
      "Agua Marina Residencial",
      "Aguazul",
      "Almendros Residencial",
      "Arboledas",
      "Barrio Nuevo Salagua",
      "Belona Residencial",
      "Cantalegre",
      "El Campanario",
      "El Dorado",
      "Elías Zamora Verduzco",
      "Guadalupe Victoria",
      "La Escondida Residencial",
      "La Joya II",
      "Las Palmas",
      "Los Mangos",
      "López de Legaspi",
      "Mar de Plata",
      "Marimar",
      "Nuevo Salagua",
      "Obispo Sergio Méndez Arceo",
      "Paraiso Salagua",
      "Puerta del Sol",
      "Rosa Morada",
      "Santa Sofía",
      "Valle Salagua",
      "Vidaire",
      "Villa Coral",
      "Villa Flamingos",
      "Árbol de Agua"
    ]
  },
  "28870": {
    "municipio": "Manzanillo",
    "colonias": [
      "Jalipa"
    ]
  },
  "28872": {
    "municipio": "Manzanillo",
    "colonias": [
      "Punta de Agua de Camotlán"
    ]
  },
  "28876": {
    "municipio": "Manzanillo",
    "colonias": [
      "Francisco Villa"
    ]
  },
  "28880": {
    "municipio": "Manzanillo",
    "colonias": [
      "Nuevo Cuyutlán",
      "San Buenaventura",
      "Santa Rita",
      "Venustiano Carranza (Cualata)"
    ]
  },
  "28885": {
    "municipio": "Manzanillo",
    "colonias": [
      "El Salto"
    ]
  },
  "28886": {
    "municipio": "Manzanillo",
    "colonias": [
      "Agua Blanca"
    ]
  },
  "28900": {
    "municipio": "Tecomán",
    "colonias": [
      "Cerro de Ortega",
      "El Bordo",
      "El Rocio",
      "Hermanos Leaños",
      "Lindavista",
      "Martín del Campo",
      "Progreso",
      "San Antonio",
      "Tecolapa"
    ]
  },
  "28910": {
    "municipio": "Tecomán",
    "colonias": [
      "Articulo 27 Constitucional",
      "Conacar PRI",
      "La Pedregal",
      "Madrid"
    ]
  },
  "28915": {
    "municipio": "Tecomán",
    "colonias": [
      "El Rosario"
    ]
  },
  "28920": {
    "municipio": "Tecomán",
    "colonias": [
      "Tecolapa"
    ]
  },
  "28929": {
    "municipio": "Tecomán",
    "colonias": [
      "Cofradía de Hidalgo (Laguna de Alcuzahue)"
    ]
  },
  "28930": {
    "municipio": "Tecomán",
    "colonias": [
      "Caleras",
      "Puerta de Caleras"
    ]
  },
  "28934": {
    "municipio": "Tecomán",
    "colonias": [
      "Antonio Salazar Salazar",
      "Bayardo",
      "El Olivo",
      "La Estación",
      "Leonardo Jaramillo",
      "Luis Rodríguez Alcalá [La Báscula]",
      "María Esther Zuno de Echeverría",
      "Ruiz Cortines",
      "San Martín de Porres"
    ]
  },
  "28935": {
    "municipio": "Tecomán",
    "colonias": [
      "Cofradía de Morelos"
    ]
  },
  "28936": {
    "municipio": "Tecomán",
    "colonias": [
      "Ladislao Moreno",
      "San Francisco"
    ]
  },
  "28937": {
    "municipio": "Tecomán",
    "colonias": [
      "El Real"
    ]
  },
  "28938": {
    "municipio": "Tecomán",
    "colonias": [
      "Tecuanillo"
    ]
  },
  "28940": {
    "municipio": "Tecomán",
    "colonias": [
      "Callejones"
    ]
  },
  "28944": {
    "municipio": "Tecomán",
    "colonias": [
      "El Saucito",
      "La Primavera"
    ]
  },
  "28945": {
    "municipio": "Tecomán",
    "colonias": [
      "Chanchopa"
    ]
  },
  "28947": {
    "municipio": "Tecomán",
    "colonias": [
      "San Miguel del Ojo de Agua"
    ]
  },
  "28950": {
    "municipio": "Villa de Álvarez",
    "colonias": [
      "Juluapan"
    ]
  },
  "28952": {
    "municipio": "Villa de Álvarez",
    "colonias": [
      "Los Picachos"
    ]
  },
  "28955": {
    "municipio": "Villa de Álvarez",
    "colonias": [
      "Agua Dulce"
    ]
  },
  "28958": {
    "municipio": "Villa de Álvarez",
    "colonias": [
      "El Mixcuate"
    ]
  },
  "28959": {
    "municipio": "Villa de Álvarez",
    "colonias": [
      "Pueblo Nuevo"
    ]
  },
  "28960": {
    "municipio": "Villa de Álvarez",
    "colonias": [
      "El Carrizal"
    ]
  },
  "28963": {
    "municipio": "Villa de Álvarez",
    "colonias": [
      "Pastores"
    ]
  },
  "28965": {
    "municipio": "Villa de Álvarez",
    "colonias": [
      "El Chivato (Providencia)",
      "La Montrica",
      "Las Joyitas"
    ]
  },
  "28968": {
    "municipio": "Villa de Álvarez",
    "colonias": [
      "El Naranjal"
    ]
  },
  "28970": {
    "municipio": "Villa de Álvarez",
    "colonias": [
      "Villa de Álvarez Centro",
      "Villas del Sol"
    ]
  },
  "28973": {
    "municipio": "Villa de Álvarez",
    "colonias": [
      "Floresta",
      "Manuel M. Diéguez",
      "Privada Villa San Agustín",
      "Rancho Santo",
      "Real los Arcos",
      "Santa Cristina",
      "Santa Teresa",
      "Villas Adriana",
      "Villas de Mayo",
      "Villas del Río"
    ]
  },
  "28974": {
    "municipio": "Villa de Álvarez",
    "colonias": [
      "Las Palomas Residencial",
      "San Isidro",
      "Villas Coliman"
    ]
  },
  "28975": {
    "municipio": "Villa de Álvarez",
    "colonias": [
      "La Cajita del Agua",
      "La Frontera",
      "López Mateos",
      "Morelos",
      "Privada Villas del Palmar",
      "Santa Martha",
      "Villa Carlo"
    ]
  },
  "28976": {
    "municipio": "Villa de Álvarez",
    "colonias": [
      "Francisco Hernández",
      "Liberación",
      "Rosario Ibarra de Piedra",
      "Villas del Centro"
    ]
  },
  "28977": {
    "municipio": "Villa de Álvarez",
    "colonias": [
      "Las Parotas"
    ]
  },
  "28978": {
    "municipio": "Villa de Álvarez",
    "colonias": [
      "Arboledas del Carmen",
      "Azaleas",
      "Colinas del Carmen",
      "FOVISSSTE",
      "Golondrinas",
      "Hacienda del Carmen",
      "Jardines de Bugambilias",
      "Primaveras",
      "Privada Nicasio Carvajal Flores",
      "Real Hacienda",
      "Real Santa Fe",
      "Residencial Bosque Real",
      "Rinconada de La Hacienda",
      "Senderos del Carmen"
    ]
  },
  "28979": {
    "municipio": "Villa de Álvarez",
    "colonias": [
      "Alfredo V. Bonfil",
      "Bugambilias",
      "Carlos de La Madrid",
      "Colinas de las Lagunas",
      "Colinas del Sol",
      "Cruz de Comala",
      "El Angel",
      "Las Colinas",
      "Las Lagunas",
      "Las Águilas",
      "Lindavista",
      "Loma Hermosa",
      "Lomas Altas",
      "Lomas de La Herradura",
      "Lomas de La Higuera",
      "Lomas de La Villa",
      "Lomas de las Flores",
      "Los Almendros",
      "Real Bugambilias",
      "Residencial Colinas del Rey",
      "Salomón Preciado",
      "Solidaridad",
      "Villa Izcalli Caxitlán",
      "Villas de Bugambilias",
      "Villas del Cañaveral",
      "Vista Bugambilias"
    ]
  },
  "28980": {
    "municipio": "Villa de Álvarez",
    "colonias": [
      "La Gloria"
    ]
  },
  "28982": {
    "municipio": "Villa de Álvarez",
    "colonias": [
      "El Cortijo",
      "Hacienda El Nogal",
      "Hacienda del Cortijo",
      "Jacarandas",
      "La Joya",
      "Las Rosas",
      "Los Olivos",
      "Santa Fe",
      "Villas San José Segunda Sección",
      "Villas de Alameda"
    ]
  },
  "28983": {
    "municipio": "Villa de Álvarez",
    "colonias": [
      "Alfonso Rolón Michel",
      "El Haya",
      "Jardines del Centenario",
      "Jardines del Llano",
      "Puerta Higueras",
      "Puerta de Rolón",
      "Residencial Tulipanes",
      "Rinconada del Centenario",
      "Senderos de Rancho Blanco",
      "Tabachines",
      "Valle del Sol",
      "Villa Flores",
      "Villa Flores II",
      "Villas Rancho Blanco"
    ]
  },
  "28984": {
    "municipio": "Villa de Álvarez",
    "colonias": [
      "Azteca",
      "Buenavista",
      "Centenario II",
      "El Centenario",
      "Higueras del Espinal",
      "Jardines de La Villa",
      "Juan José Ríos",
      "La Fortuna",
      "La Reserva",
      "Loma Bonita",
      "Lomas del Centenario",
      "Los Triángulos",
      "Manuel Álvarez",
      "Palo Alto",
      "Patria Residencial",
      "Puerta del Centenario",
      "Punta Diamante Residencial",
      "Ramón Serrano",
      "Real Centenario",
      "Real del Seis",
      "Residencial Los Robles",
      "Verde Valle",
      "Villafuentes",
      "Villas de San José",
      "Vista Volcanes"
    ]
  },
  "28985": {
    "municipio": "Villa de Álvarez",
    "colonias": [
      "Del Valle",
      "San Miguel",
      "Villa de Oro"
    ]
  },
  "28986": {
    "municipio": "Villa de Álvarez",
    "colonias": [
      "Emiliano Zapata",
      "Residencial Santa Sofía",
      "Villas Diamante"
    ]
  },
  "28987": {
    "municipio": "Villa de Álvarez",
    "colonias": [
      "Alta Villa",
      "La Haciendita",
      "San Carlos",
      "Villas Providencia"
    ]
  },
  "28988": {
    "municipio": "Villa de Álvarez",
    "colonias": [
      "Campestre",
      "El Llano",
      "Real de San Jorge"
    ]
  },
  "28989": {
    "municipio": "Villa de Álvarez",
    "colonias": [
      "Burócratas del Estado",
      "Campestre Bugambilias",
      "La Comarca",
      "Las Tunas",
      "Leandro Valle",
      "Montellano",
      "Prados de La Villa",
      "Puerta de Hierro",
      "Real de Minas",
      "Villa de Alba"
    ]
  }
}